#PROFILE,#PACKAGE_TYPE,#PRIVILEGE_LEVEL,#API_VERSION_ISSUED,#API_VERSION_EXPIRED,#DOCUMENTED,#PRIVILEGE_NAME,#IS_PRIVACY,#PRIVACY_GROUP,#NOTE,#PRIVILEGE_DISPLAY,#PRIVILEGE_DESCRIPTION,#PRIVILEGE_GROUP,#CHANGED_TO_2_3_1,#CHANGED_TO_2_4_0
mobile,core,public,2.3,9.9,yes,http://tizen.org/privilege/account.read,yes,ACCOUNT,,IDS_TPLATFORM_BODY_READING_ACCOUNTS,IDS_TPLATFORM_BODY_THIS_APPLICATION_CAN_READ_ACCOUNTS,IDS_TPLATFORM_BODY_PERSONAL_INFORMATION_ABB,,
wearable,core,public,3,9.9,yes,http://tizen.org/privilege/account.read,yes,ACCOUNT,,IDS_TPLATFORM_BODY_READING_ACCOUNTS,IDS_TPLATFORM_BODY_THIS_APPLICATION_CAN_READ_ACCOUNTS,IDS_TPLATFORM_BODY_PERSONAL_INFORMATION_ABB,,
mobile,core,public,2.3,9.9,yes,http://tizen.org/privilege/account.write,yes,ACCOUNT,,IDS_TPLATFORM_BODY_MANAGING_ACCOUNTS,IDS_TPLATFORM_BODY_THIS_APPLICATION_CAN_CREATE_EDIT_AND_DELETE_ACCOUNTS,IDS_TPLATFORM_BODY_PERSONAL_INFORMATION_ABB,,
wearable,core,public,3,9.9,yes,http://tizen.org/privilege/account.write,yes,ACCOUNT,,IDS_TPLATFORM_BODY_MANAGING_ACCOUNTS,IDS_TPLATFORM_BODY_THIS_APPLICATION_CAN_CREATE_EDIT_AND_DELETE_ACCOUNTS,IDS_TPLATFORM_BODY_PERSONAL_INFORMATION_ABB,,
mobile,core,public,2.3,9.9,yes,http://tizen.org/privilege/alarm.get,no,N/A,,IDS_TPLATFORM_HEADER_RETRIEVING_ALARMS,IDS_TPLATFORM_BODY_THIS_APPLICATION_CAN_READ_INFORMATION_ABOUT_YOUR_SAVED_ALARMS,IDS_TPLATFORM_BODY_SYSTEM_SETTINGS_ABB,,
wearable,core,public,2.3.1,9.9,yes,http://tizen.org/privilege/alarm.get,no,N/A,,IDS_TPLATFORM_HEADER_RETRIEVING_ALARMS,IDS_TPLATFORM_BODY_THIS_APPLICATION_CAN_READ_INFORMATION_ABOUT_YOUR_SAVED_ALARMS,IDS_TPLATFORM_BODY_SYSTEM_SETTINGS_ABB,,
mobile,core,public,2.3,9.9,yes,http://tizen.org/privilege/alarm.set,no,N/A,,IDS_TPLATFORM_BODY_SETTING_ALARMS,IDS_TPLATFORM_BODY_THIS_APPLICATION_CAN_SET_ALARMS_AND_WAKE_THE_DEVICE_UP_AT_SCHEDULED_TIMES,IDS_TPLATFORM_BODY_SYSTEM_SETTINGS_ABB,,
wearable,core,public,2.3.1,9.9,yes,http://tizen.org/privilege/alarm.set,no,N/A,,IDS_TPLATFORM_BODY_SETTING_ALARMS,IDS_TPLATFORM_BODY_THIS_APPLICATION_CAN_SET_ALARMS_AND_WAKE_THE_DEVICE_UP_AT_SCHEDULED_TIMES,IDS_TPLATFORM_BODY_SYSTEM_SETTINGS_ABB,,
mobile,core,platform,2.3,9.9,no,http://tizen.org/privilege/antivirus,no,N/A,,IDS_TPLATFORM_HEADER_SCANNING_FOR_AND_ERASING_VIRUSES,IDS_TPLATFORM_BODY_THIS_APPLICATION_CAN_READ_AND_ERASE_DATA_IN_ANY_OTHER_APPLICATION_MSG,IDS_TPLATFORM_BODY_SYSTEM_SETTINGS_ABB,,
wearable,core,platform,2.3.1,9.9,no,http://tizen.org/privilege/antivirus,no,N/A,,IDS_TPLATFORM_HEADER_SCANNING_FOR_AND_ERASING_VIRUSES,IDS_TPLATFORM_BODY_THIS_APPLICATION_CAN_READ_AND_ERASE_DATA_IN_ANY_OTHER_APPLICATION_MSG,IDS_TPLATFORM_BODY_SYSTEM_SETTINGS_ABB,,
mobile,core,public,2.4,9.9,yes,http://tizen.org/privilege/apphistory.read,yes,USERHISTORY,,IDS_TPLATFORM_HEADER_READING_APPLICATION_USAGE_STATISTICS,IDS_TPLATFORM_BODY_THIS_APPLICATION_CAN_READ_THE_STATISTICS_OF_APPLICATION_USAGE_SUCH_AS_WHICH_APPLICATIONS_HAVE_BEEN_USED_FREQUENTLY_OR_RECENTLY,IDS_TPLATFORM_BODY_PERSONAL_INFORMATION_ABB,,
mobile,core,platform,2.3,9.9,yes,http://tizen.org/privilege/appmanager.kill,no,N/A,,IDS_TPLATFORM_BODY_CLOSING_APPLICATIONS,IDS_TPLATFORM_BODY_THIS_APPLICATION_CAN_CLOSE_OTHER_APPLICATIONS,IDS_TPLATFORM_BODY_SYSTEM_SETTINGS_ABB,,
wearable,core,platform,2.3.1,9.9,yes,http://tizen.org/privilege/appmanager.kill,no,N/A,,IDS_TPLATFORM_BODY_CLOSING_APPLICATIONS,IDS_TPLATFORM_BODY_THIS_APPLICATION_CAN_CLOSE_OTHER_APPLICATIONS,IDS_TPLATFORM_BODY_SYSTEM_SETTINGS_ABB,,
mobile,core,public,2.4,9.9,yes,http://tizen.org/privilege/appmanager.kill.bgapp,no,N/A,,IDS_TPLATFORM_HEADER_CLOSING_BACKGROUND_APPLICATIONS,IDS_TPLATFORM_BODY_THIS_APPLICATION_CAN_REQUEST_TO_CLOSE_APPLICATIONS_RUNNING_IN_THE_BACKGROUND,IDS_TPLATFORM_BODY_SYSTEM_SETTINGS_ABB,,
wearable,core,public,3,9.9,yes,http://tizen.org/privilege/appmanager.kill.bgapp,no,N/A,,IDS_TPLATFORM_HEADER_CLOSING_BACKGROUND_APPLICATIONS,IDS_TPLATFORM_BODY_THIS_APPLICATION_CAN_REQUEST_TO_CLOSE_APPLICATIONS_RUNNING_IN_THE_BACKGROUND,IDS_TPLATFORM_BODY_SYSTEM_SETTINGS_ABB,,
mobile,core,public,2.3,9.9,yes,http://tizen.org/privilege/appmanager.launch,no,N/A,,IDS_TPLATFORM_HEADER_OPENING_AND_RESUMING_APPLICATIONS,IDS_TPLATFORM_BODY_THIS_APPLICATION_CAN_OPEN_OTHER_APPLICATIONS,IDS_TPLATFORM_BODY_SYSTEM_SETTINGS_ABB,,
wearable,core,public,2.3.1,9.9,yes,http://tizen.org/privilege/appmanager.launch,no,N/A,,IDS_TPLATFORM_HEADER_OPENING_AND_RESUMING_APPLICATIONS,IDS_TPLATFORM_BODY_THIS_APPLICATION_CAN_OPEN_OTHER_APPLICATIONS,IDS_TPLATFORM_BODY_SYSTEM_SETTINGS_ABB,,
mobile,core,public,2.3,9.9,yes,http://tizen.org/privilege/bluetooth,no,N/A,,IDS_TPLATFORM_BODY_USING_UNRESTRICTED_BLUETOOTH_SERVICES_M_NOUN,IDS_TPLATFORM_BODY_THIS_APPLICATION_CAN_PERFORM_UNRESTRICTED_ACTIONS_USING_BLUETOOTH_SUCH_AS_SCANNING_FOR_AND_CONNECTING_TO_OTHER_DEVICES,IDS_TPLATFORM_BODY_HARDWARE_CONTROLS_ABB,,
wearable,core,public,2.3.1,9.9,yes,http://tizen.org/privilege/bluetooth,no,N/A,,IDS_TPLATFORM_BODY_USING_UNRESTRICTED_BLUETOOTH_SERVICES_M_NOUN,IDS_TPLATFORM_BODY_THIS_APPLICATION_CAN_PERFORM_UNRESTRICTED_ACTIONS_USING_BLUETOOTH_SUCH_AS_SCANNING_FOR_AND_CONNECTING_TO_OTHER_DEVICES,IDS_TPLATFORM_BODY_HARDWARE_CONTROLS_ABB,,
mobile,core,platform,2.3,9.9,yes,http://tizen.org/privilege/bluetooth.admin,no,N/A,,IDS_TPLATFORM_HEADER_CHANGING_BLUETOOTH_SETTINGS,IDS_TPLATFORM_BODY_THIS_APPLICATION_CAN_CHANGE_BLUETOOTH_SETTINGS_SUCH_AS_TURNING_BLUETOOTH_ON_OR_OFF_SETTING_THE_DEVICE_NAME_AND_ENABLING_OR_DISABLING_AV_REMOTE_CONTROL,IDS_TPLATFORM_BODY_HARDWARE_CONTROLS_ABB,,
wearable,core,platform,2.3.1,9.9,yes,http://tizen.org/privilege/bluetooth.admin,no,N/A,,IDS_TPLATFORM_HEADER_CHANGING_BLUETOOTH_SETTINGS,IDS_TPLATFORM_BODY_THIS_APPLICATION_CAN_CHANGE_BLUETOOTH_SETTINGS_SUCH_AS_TURNING_BLUETOOTH_ON_OR_OFF_SETTING_THE_DEVICE_NAME_AND_ENABLING_OR_DISABLING_AV_REMOTE_CONTROL,IDS_TPLATFORM_BODY_HARDWARE_CONTROLS_ABB,,
mobile,core,platform,2.3,9.9,yes,http://tizen.org/privilege/bookmark.admin,yes,BOOKMARK,,IDS_TPLATFORM_BODY_ACCESSING_INTERNET_BOOKMARKS_M_NOUN,IDS_TPLATFORM_BODY_THIS_APPLICATION_CAN_RETRIEVE_CREATE_EDIT_AND_DELETE_INTERNET_BOOKMARKS,IDS_TPLATFORM_BODY_PERSONAL_INFORMATION_ABB,,
mobile,core,public,2.3,9.9,yes,http://tizen.org/privilege/calendar.read,yes,CALENDAR,,IDS_TPLATFORM_BODY_READING_CALENDAR,IDS_TPLATFORM_BODY_THIS_APPLICATION_CAN_READ_EVENTS_AND_TASKS,IDS_TPLATFORM_BODY_PERSONAL_INFORMATION_ABB,,
mobile,core,public,2.3,9.9,yes,http://tizen.org/privilege/calendar.write,yes,CALENDAR,,IDS_TPLATFORM_BODY_MANAGING_CALENDAR,IDS_TPLATFORM_BODY_THIS_APPLICATION_CAN_CREATE_UPDATE_AND_DELETE_EVENTS_AND_TASKS,IDS_TPLATFORM_BODY_PERSONAL_INFORMATION_ABB,,
mobile,core,public,2.3,9.9,yes,http://tizen.org/privilege/call,yes,CALL,,IDS_TPLATFORM_HEADER_MAKING_PHONE_CALLS,IDS_TPLATFORM_BODY_THIS_APPLICATION_CAN_MAKE_PHONE_CALLS_TO_NUMBERS_WHEN_THEY_ARE_TAPPED_WITHOUT_FURTHER_CONFIRMATION_MSG,IDS_TPLATFORM_BODY_SYSTEM_SETTINGS_ABB,,
wearable,core,public,2.3.1,9.9,yes,http://tizen.org/privilege/call,yes,CALL,,IDS_TPLATFORM_HEADER_MAKING_PHONE_CALLS,IDS_TPLATFORM_BODY_THIS_APPLICATION_CAN_MAKE_PHONE_CALLS_TO_NUMBERS_WHEN_THEY_ARE_TAPPED_WITHOUT_FURTHER_CONFIRMATION_MSG,IDS_TPLATFORM_BODY_SYSTEM_SETTINGS_ABB,,
mobile,core,public,2.3,9.9,yes,http://tizen.org/privilege/callhistory.read,yes,USERHISTORY,,IDS_TPLATFORM_BODY_READING_CALL_LOGS,IDS_TPLATFORM_SBODY_THIS_APPLICATION_CAN_READ_CALL_LOG_ITEMS,IDS_TPLATFORM_BODY_PERSONAL_INFORMATION_ABB,,
wearable,core,public,2.3.1,9.9,yes,http://tizen.org/privilege/callhistory.read,yes,USERHISTORY,,IDS_TPLATFORM_BODY_READING_CALL_LOGS,IDS_TPLATFORM_SBODY_THIS_APPLICATION_CAN_READ_CALL_LOG_ITEMS,IDS_TPLATFORM_BODY_PERSONAL_INFORMATION_ABB,,
mobile,core,public,2.3,9.9,yes,http://tizen.org/privilege/callhistory.write,yes,USERHISTORY,,IDS_TPLATFORM_BODY_MANAGING_CALL_LOGS,IDS_TPLATFORM_BODY_THIS_APPLICATION_CAN_CREATE_UPDATE_AND_DELETE_CALL_LOG_ITEMS,IDS_TPLATFORM_BODY_PERSONAL_INFORMATION_ABB,,
wearable,core,public,2.3.1,9.9,yes,http://tizen.org/privilege/callhistory.write,yes,USERHISTORY,,IDS_TPLATFORM_BODY_MANAGING_CALL_LOGS,IDS_TPLATFORM_BODY_THIS_APPLICATION_CAN_CREATE_UPDATE_AND_DELETE_CALL_LOG_ITEMS,IDS_TPLATFORM_BODY_PERSONAL_INFORMATION_ABB,,
mobile,core,public,2.3,9.9,yes,http://tizen.org/privilege/camera,yes,CAMERA,,IDS_TPLATFORM_BODY_USING_CAMERA,IDS_TPLATFORM_BODY_THIS_APPLICATION_CAN_TAKE_PICTURES_AND_TURN_THE_CAMERA_FLASH_ON_AND_OFF_WHILE_USING_CAMERA,IDS_TPLATFORM_BODY_HARDWARE_CONTROLS_ABB,,
wearable,core,public,2.3.1,9.9,yes,http://tizen.org/privilege/camera,yes,CAMERA,,IDS_TPLATFORM_BODY_USING_CAMERA,IDS_TPLATFORM_BODY_THIS_APPLICATION_CAN_TAKE_PICTURES_AND_TURN_THE_CAMERA_FLASH_ON_AND_OFF_WHILE_USING_CAMERA,IDS_TPLATFORM_BODY_HARDWARE_CONTROLS_ABB,,
mobile,core,public,2.3,9.9,yes,http://tizen.org/privilege/contact.read,yes,CONTACTS,,IDS_TPLATFORM_BODY_READING_CONTACTS,IDS_TPLATFORM_BODY_THIS_APPLICATION_CAN_READ_YOUR_PROFILE_CONTACTS_AND_CONTACT_HISTORY_CONTACT_HISTORY_CAN_INCLUDE_SOCIAL_NETWORK_ACTIVITY,IDS_TPLATFORM_BODY_PERSONAL_INFORMATION_ABB,,
wearable,core,public,3,9.9,yes,http://tizen.org/privilege/contact.read,yes,CONTACTS,,IDS_TPLATFORM_BODY_READING_CONTACTS,IDS_TPLATFORM_BODY_THIS_APPLICATION_CAN_READ_YOUR_PROFILE_CONTACTS_AND_CONTACT_HISTORY_CONTACT_HISTORY_CAN_INCLUDE_SOCIAL_NETWORK_ACTIVITY,IDS_TPLATFORM_BODY_PERSONAL_INFORMATION_ABB,,
mobile,core,public,2.3,9.9,yes,http://tizen.org/privilege/contact.write,yes,CONTACTS,,IDS_TPLATFORM_BODY_MANAGING_CONTACTS,IDS_TPLATFORM_BODY_THIS_APPLICATION_CAN_CREATE_UPDATE_AND_DELETE_YOUR_PROFILE_CONTACTS_AND_ANY_CONTACT_HISTORY_MSG,IDS_TPLATFORM_BODY_PERSONAL_INFORMATION_ABB,,
wearable,core,public,3,9.9,yes,http://tizen.org/privilege/contact.write,yes,CONTACTS,,IDS_TPLATFORM_BODY_MANAGING_CONTACTS,IDS_TPLATFORM_BODY_THIS_APPLICATION_CAN_CREATE_UPDATE_AND_DELETE_YOUR_PROFILE_CONTACTS_AND_ANY_CONTACT_HISTORY_MSG,IDS_TPLATFORM_BODY_PERSONAL_INFORMATION_ABB,,
mobile,core,public,2.3,9.9,yes,http://tizen.org/privilege/content.write,no,N/A,,IDS_TPLATFORM_BODY_MANAGING_CONTENT,IDS_TPLATFORM_BODY_THIS_APPLICATION_CAN_CHANGE_MEDIA_INFORMATION_THIS_INFORMATION_CAN_BE_USED_BY_OTHER_APPLICATIONS,IDS_TPLATFORM_BODY_SYSTEM_SETTINGS_ABB,,
wearable,core,public,2.3.1,9.9,yes,http://tizen.org/privilege/content.write,no,N/A,,IDS_TPLATFORM_BODY_MANAGING_CONTENT,IDS_TPLATFORM_BODY_THIS_APPLICATION_CAN_CHANGE_MEDIA_INFORMATION_THIS_INFORMATION_CAN_BE_USED_BY_OTHER_APPLICATIONS,IDS_TPLATFORM_BODY_SYSTEM_SETTINGS_ABB,,
common,core,public,3,9.9,yes,http://tizen.org/privilege/d2d.datasharing,no,N/A,,IDS_TPLATFORM_HEADER_SHARING_DATA_WITH_OTHER_DEVICES,IDS_TPLATFORM_BODY_THIS_APPLICATION_CAN_SHARE_DATA_WITH_OTHER_DEVICES,IDS_TPLATFORM_BODY_SYSTEM_SETTINGS_ABB,,
mobile,core,public,2.3,9.9,yes,http://tizen.org/privilege/datasharing,no,N/A,,IDS_TPLATFORM_BODY_SHARING_DATA_BETWEEN_APPLICATIONS_M_NOUN,IDS_TPLATFORM_BODY_THIS_APPLICATION_CAN_SHARE_DATA_WITH_OTHER_APPLICATIONS,IDS_TPLATFORM_BODY_SYSTEM_SETTINGS_ABB,,
wearable,core,public,2.3.1,9.9,yes,http://tizen.org/privilege/datasharing,no,N/A,,IDS_TPLATFORM_BODY_SHARING_DATA_BETWEEN_APPLICATIONS_M_NOUN,IDS_TPLATFORM_BODY_THIS_APPLICATION_CAN_SHARE_DATA_WITH_OTHER_APPLICATIONS,IDS_TPLATFORM_BODY_SYSTEM_SETTINGS_ABB,,
mobile,core,public,2.3,9.9,yes,http://tizen.org/privilege/display,no,N/A,,IDS_TPLATFORM_BODY_MANAGING_DISPLAY_SETTINGS_M_NOUN,IDS_TPLATFORM_BODY_THIS_APPLICATION_CAN_MANAGE_DISPLAY_SETTINGS_SUCH_AS_THE_BRIGHTNESS_THIS_MAY_INCREASE_BATTERY_CONSUMPTION,IDS_TPLATFORM_BODY_HARDWARE_CONTROLS_ABB,,
wearable,core,public,2.3.1,9.9,yes,http://tizen.org/privilege/display,no,N/A,,IDS_TPLATFORM_BODY_MANAGING_DISPLAY_SETTINGS_M_NOUN,IDS_TPLATFORM_BODY_THIS_APPLICATION_CAN_MANAGE_DISPLAY_SETTINGS_SUCH_AS_THE_BRIGHTNESS_THIS_MAY_INCREASE_BATTERY_CONSUMPTION,IDS_TPLATFORM_BODY_HARDWARE_CONTROLS_ABB,,
mobile,core,public,2.3,9.9,yes,http://tizen.org/privilege/download,no,N/A,,IDS_TPLATFORM_BODY_DOWNLOADING_VIA_HTTP,IDS_TPLATFORM_BODY_THIS_APPLICATION_CAN_MANAGE_HTTP_DOWNLOADS_THIS_MAY_RESULT_IN_ADDITIONAL_CHARGES_DEPENDING_ON_YOUR_PAYMENT_PLAN,IDS_TPLATFORM_BODY_NETWORK_CONNECTIONS_ABB,,
wearable,core,public,2.3.1,9.9,yes,http://tizen.org/privilege/download,no,N/A,,IDS_TPLATFORM_BODY_DOWNLOADING_VIA_HTTP,IDS_TPLATFORM_BODY_THIS_APPLICATION_CAN_MANAGE_HTTP_DOWNLOADS_THIS_MAY_RESULT_IN_ADDITIONAL_CHARGES_DEPENDING_ON_YOUR_PAYMENT_PLAN,IDS_TPLATFORM_BODY_NETWORK_CONNECTIONS_ABB,,
mobile,core,public,2.3,9.9,yes,http://tizen.org/privilege/email,no,N/A,,IDS_TPLATFORM_BODY_MANAGING_EMAIL_ACCOUNTS_MAILBOXES_AND_EMAILS_M_NOUN,IDS_TPLATFORM_BODY_THIS_APPLICATION_CAN_MANAGE_YOUR_EMAIL_ACCOUNTS_INCLUDING_YOUR_FOLDERS_AND_EMAILS_POP3_AND_IMAP_DOWNLOADS_AND_SMTP_UPLOADS_MSG,IDS_TPLATFORM_BODY_NETWORK_CONNECTIONS_ABB,,
wearable,core,public,3,9.9,yes,http://tizen.org/privilege/email,no,N/A,,IDS_TPLATFORM_BODY_MANAGING_EMAIL_ACCOUNTS_MAILBOXES_AND_EMAILS_M_NOUN,IDS_TPLATFORM_BODY_THIS_APPLICATION_CAN_MANAGE_YOUR_EMAIL_ACCOUNTS_INCLUDING_YOUR_FOLDERS_AND_EMAILS_POP3_AND_IMAP_DOWNLOADS_AND_SMTP_UPLOADS_MSG,IDS_TPLATFORM_BODY_NETWORK_CONNECTIONS_ABB,,
mobile,core,platform,2.3,9.9,yes,http://tizen.org/privilege/email.admin,no,N/A,,IDS_TPLATFORM_BODY_MANAGING_EMAIL_CONFIGURATIONS_M_NOUN,IDS_TPLATFORM_BODY_THIS_APPLICATION_CAN_MANAGE_THE_SETTINGS_OF_EMAIL_APPLICATIONS,IDS_TPLATFORM_BODY_NETWORK_CONNECTIONS_ABB,,
mobile,core,public,2.3,9.9,yes,http://tizen.org/privilege/externalstorage,no,N/A,,IDS_TPLATFORM_BODY_ACCESSING_EXTERNAL_STORAGE_M_NOUN,IDS_TPLATFORM_BODY_THIS_APPLICATION_CAN_READ_AND_WRITE_FILES_THAT_ARE_SAVED_TO_EXTERNAL_STORAGE_SUCH_AS_SD_CARDS,IDS_TPLATFORM_BODY_SYSTEM_SETTINGS_ABB,,
wearable,core,public,2.3.1,9.9,yes,http://tizen.org/privilege/externalstorage,no,N/A,,IDS_TPLATFORM_BODY_ACCESSING_EXTERNAL_STORAGE_M_NOUN,IDS_TPLATFORM_BODY_THIS_APPLICATION_CAN_READ_AND_WRITE_FILES_THAT_ARE_SAVED_TO_EXTERNAL_STORAGE_SUCH_AS_SD_CARDS,IDS_TPLATFORM_BODY_SYSTEM_SETTINGS_ABB,,
mobile,core,public,2.3,9.9,yes,http://tizen.org/privilege/externalstorage.appdata,no,N/A,,IDS_TPLATFORM_BODY_ACCESSING_APPLICATION_DATA_IN_EXTERNAL_STORAGE_M_NOUN,IDS_TPLATFORM_BODY_THIS_APPLICATION_CAN_READ_AND_WRITE_ITS_OWN_FILES_IN_EXTERNAL_STORAGE_SUCH_AS_SD_CARDS,IDS_TPLATFORM_BODY_SYSTEM_SETTINGS_ABB,,
wearable,core,public,2.3.1,9.9,yes,http://tizen.org/privilege/externalstorage.appdata,no,N/A,,IDS_TPLATFORM_BODY_ACCESSING_APPLICATION_DATA_IN_EXTERNAL_STORAGE_M_NOUN,IDS_TPLATFORM_BODY_THIS_APPLICATION_CAN_READ_AND_WRITE_ITS_OWN_FILES_IN_EXTERNAL_STORAGE_SUCH_AS_SD_CARDS,IDS_TPLATFORM_BODY_SYSTEM_SETTINGS_ABB,,
mobile,core,public,2.3,9.9,yes,http://tizen.org/privilege/haptic,no,N/A,,IDS_TPLATFORM_BODY_MANAGING_VIBRATION_FEEDBACK_M_NOUN,IDS_TPLATFORM_BODY_THIS_APPLICATION_CAN_CONTROL_VIBRATION_FEEDBACK,IDS_TPLATFORM_BODY_SYSTEM_SETTINGS_ABB,,
wearable,core,public,2.3.1,9.9,yes,http://tizen.org/privilege/haptic,no,N/A,,IDS_TPLATFORM_BODY_MANAGING_VIBRATION_FEEDBACK_M_NOUN,IDS_TPLATFORM_BODY_THIS_APPLICATION_CAN_CONTROL_VIBRATION_FEEDBACK,IDS_TPLATFORM_BODY_SYSTEM_SETTINGS_ABB,,
common,core,public,2.3.1,9.9,yes,http://tizen.org/privilege/healthinfo,yes,SENSOR,,IDS_TPLATFORM_HEADER_READING_HEALTH_INFORMATION,IDS_TPLATFORM_BODY_THIS_APPLICATION_CAN_READ_HEALTH_INFORMATION_GATHERED_BY_THE_DEVICE_SENSORS_SUCH_AS_THE_PEDOMETER_AND_THE_HEART_RATE_MONITOR,IDS_TPLATFORM_BODY_PERSONAL_INFORMATION_ABB,,
mobile,core,public,2.4,9.9,yes,http://tizen.org/privilege/ime,no,N/A,,IDS_TPLATFORM_HEADER_PROVIDING_INPUT_METHODS,IDS_TPLATFORM_BODY_THIS_APPLICATION_CAN_PROVIDE_USERS_WITH_A_WAY_TO_ENTER_CHARACTERS_AND_SYMBOLS_INTO_AN_ASSOCIATED_TEXT_FIELD,IDS_TPLATFORM_BODY_HARDWARE_CONTROLS_ABB,,
wearable,core,public,3,9.9,yes,http://tizen.org/privilege/ime,no,N/A,,IDS_TPLATFORM_HEADER_PROVIDING_INPUT_METHODS,IDS_TPLATFORM_BODY_THIS_APPLICATION_CAN_PROVIDE_USERS_WITH_A_WAY_TO_ENTER_CHARACTERS_AND_SYMBOLS_INTO_AN_ASSOCIATED_TEXT_FIELD,IDS_TPLATFORM_BODY_HARDWARE_CONTROLS_ABB,,
mobile,core,public,2.4,9.9,yes,http://tizen.org/privilege/imemanager,no,N/A,,IDS_TPLATFORM_BODY_MANAGING_INPUT_METHODS,IDS_TPLATFORM_BODY_THIS_APPLICATION_CAN_MANAGE_INSTALLED_INPUT_METHODS,IDS_TPLATFORM_BODY_SYSTEM_SETTINGS_ABB,,
wearable,core,public,3,9.9,yes,http://tizen.org/privilege/imemanager,no,N/A,,IDS_TPLATFORM_BODY_MANAGING_INPUT_METHODS,IDS_TPLATFORM_BODY_THIS_APPLICATION_CAN_MANAGE_INSTALLED_INPUT_METHODS,IDS_TPLATFORM_BODY_SYSTEM_SETTINGS_ABB,,
mobile,core,platform,2.4,9.9,yes,http://tizen.org/privilege/inputgenerator,no,N/A,,IDS_TPLATFORM_HEADER_GENERATING_TOUCH_AND_KEY_EVENTS,IDS_TPLATFORM_BODY_THIS_APPLICATION_CAN_SIMULATE_KEYS_BEING_PRESSED_AND_TOUCH_INTERACTIONS_WITH_THE_SCREEN,IDS_TPLATFORM_BODY_HARDWARE_CONTROLS_ABB,,
wearable,core,platform,3,9.9,yes,http://tizen.org/privilege/inputgenerator,no,N/A,,IDS_TPLATFORM_HEADER_GENERATING_TOUCH_AND_KEY_EVENTS,IDS_TPLATFORM_BODY_THIS_APPLICATION_CAN_SIMULATE_KEYS_BEING_PRESSED_AND_TOUCH_INTERACTIONS_WITH_THE_SCREEN,IDS_TPLATFORM_BODY_HARDWARE_CONTROLS_ABB,,
mobile,core,public,2.3,9.9,yes,http://tizen.org/privilege/internet,no,N/A,,IDS_TPLATFORM_BODY_ACCESSING_INTERNET,IDS_TPLATFORM_BODY_THIS_APPLICATION_CAN_ACCESS_THE_INTERNET_THIS_MAY_RESULT_IN_ADDITIONAL_CHARGES_DEPENDING_ON_YOUR_PAYMENT_PLAN,IDS_TPLATFORM_BODY_NETWORK_CONNECTIONS_ABB,,
wearable,core,public,2.3.1,9.9,yes,http://tizen.org/privilege/internet,no,N/A,,IDS_TPLATFORM_BODY_ACCESSING_INTERNET,IDS_TPLATFORM_BODY_THIS_APPLICATION_CAN_ACCESS_THE_INTERNET_THIS_MAY_RESULT_IN_ADDITIONAL_CHARGES_DEPENDING_ON_YOUR_PAYMENT_PLAN,IDS_TPLATFORM_BODY_NETWORK_CONNECTIONS_ABB,,
mobile,core,platform,2.4,9.9,yes,http://tizen.org/privilege/keygrab,no,N/A,,IDS_TPLATFORM_HEADER_CAPTURING_SPECIAL_KEY_EVENTS,IDS_TPLATFORM_BODY_THIS_APPLICATION_CAN_READ_ACTIONS_INVOLVING_SPECIAL_KEYS_SUCH_AS_THE_VOLUME_KEYS_MSG,IDS_TPLATFORM_BODY_HARDWARE_CONTROLS_ABB,,
wearable,core,platform,3,9.9,yes,http://tizen.org/privilege/keygrab,no,N/A,,IDS_TPLATFORM_HEADER_CAPTURING_SPECIAL_KEY_EVENTS,IDS_TPLATFORM_BODY_THIS_APPLICATION_CAN_READ_ACTIONS_INVOLVING_SPECIAL_KEYS_SUCH_AS_THE_VOLUME_KEYS_MSG,IDS_TPLATFORM_BODY_HARDWARE_CONTROLS_ABB,,
mobile,core,public,2.3,3,yes,http://tizen.org/privilege/keymanager,no,N/A,,IDS_TPLATFORM_BODY_USING_SECURE_REPOSITORY_M_NOUN,IDS_TPLATFORM_BODY_THIS_APPLICATION_CAN_SAVE_KEYS_CERTIFICATES_AND_DATA_TO_AND_RETRIEVE_MSG,IDS_TPLATFORM_BODY_SYSTEM_SETTINGS_ABB,,
wearable,core,public,2.3.1,3,yes,http://tizen.org/privilege/keymanager,no,N/A,,IDS_TPLATFORM_BODY_USING_SECURE_REPOSITORY_M_NOUN,IDS_TPLATFORM_BODY_THIS_APPLICATION_CAN_SAVE_KEYS_CERTIFICATES_AND_DATA_TO_AND_RETRIEVE_MSG,IDS_TPLATFORM_BODY_SYSTEM_SETTINGS_ABB,,
mobile,core,platform,2.3,2.4,yes,http://tizen.org/privilege/keymanager.admin,no,N/A,,IDS_TPLATFORM_BODY_LOCKING_UNLOCKING_SECURE_REPOSITORY_M_NOUN,IDS_TPLATFORM_BODY_THIS_APPLICATION_CAN_LOCK_AND_UNLOCK_PASSWORD_PROTECTED_STORAGE_AND_MANAGE_PASSWORD_CHANGES_FOR_IT,IDS_TPLATFORM_BODY_SYSTEM_SETTINGS_ABB,,
wearable,core,platform,2.3.1,3,yes,http://tizen.org/privilege/keymanager.admin,no,N/A,,IDS_TPLATFORM_BODY_LOCKING_UNLOCKING_SECURE_REPOSITORY_M_NOUN,IDS_TPLATFORM_BODY_THIS_APPLICATION_CAN_LOCK_AND_UNLOCK_PASSWORD_PROTECTED_STORAGE_AND_MANAGE_PASSWORD_CHANGES_FOR_IT,IDS_TPLATFORM_BODY_SYSTEM_SETTINGS_ABB,,
mobile,core,public,2.3,9.9,yes,http://tizen.org/privilege/led,no,N/A,,IDS_TPLATFORM_BODY_MANAGING_LEDS_M_NOUN,IDS_TPLATFORM_BODY_THIS_APPLICATION_CAN_TURN_LEDS_ON_OR_OFF_SUCH_AS_THE_LED_ON_THE_FRONT_OF_THE_DEVICE_AND_THE_CAMERA_FLASH,IDS_TPLATFORM_BODY_HARDWARE_CONTROLS_ABB,,
wearable,core,public,2.3.1,9.9,yes,http://tizen.org/privilege/led,no,N/A,,IDS_TPLATFORM_BODY_MANAGING_LEDS_M_NOUN,IDS_TPLATFORM_BODY_THIS_APPLICATION_CAN_TURN_LEDS_ON_OR_OFF_SUCH_AS_THE_LED_ON_THE_FRONT_OF_THE_DEVICE_AND_THE_CAMERA_FLASH,IDS_TPLATFORM_BODY_HARDWARE_CONTROLS_ABB,,
mobile,core,public,2.3,9.9,yes,http://tizen.org/privilege/location,yes,LOCATION,,IDS_TPLATFORM_BODY_USING_USER_LOCATION,IDS_TPLATFORM_BODY_THIS_APPLICATION_CAN_USE_YOUR_LOCATION_DATA,IDS_TPLATFORM_OPT_LOCATION_T_LBS,,
wearable,core,public,2.3.1,9.9,yes,http://tizen.org/privilege/location,yes,LOCATION,,IDS_TPLATFORM_BODY_USING_USER_LOCATION,IDS_TPLATFORM_BODY_THIS_APPLICATION_CAN_USE_YOUR_LOCATION_DATA,IDS_TPLATFORM_OPT_LOCATION_T_LBS,,
common,core,public,3,9.9,yes,http://tizen.org/privilege/location.coarse,yes,LOCATION,,IDS_TPLATFORM_HEADER_DETERMINING_APPROXIMATE_LOCATION,IDS_TPLATFORM_BODY_THIS_APPLICATION_CAN_DETERMINE_YOUR_APPROXIMATE_LOCATION_INCLUDING_YOUR_DEVICES_MSG,IDS_TPLATFORM_OPT_LOCATION_T_LBS,,
mobile,core,platform,2.3,9.9,yes,http://tizen.org/privilege/location.enable,yes,LOCATION,,IDS_TPLATFORM_BODY_MANAGING_LOCATION_SETTINGS_M_NOUN,IDS_TPLATFORM_BODY_THIS_APPLICATION_CAN_CONTROL_YOUR_LOCATION_SERVICE_SETTINGS,IDS_TPLATFORM_OPT_LOCATION_T_LBS,,
wearable,core,platform,2.3.1,9.9,yes,http://tizen.org/privilege/location.enable,yes,LOCATION,,IDS_TPLATFORM_BODY_MANAGING_LOCATION_SETTINGS_M_NOUN,IDS_TPLATFORM_BODY_THIS_APPLICATION_CAN_CONTROL_YOUR_LOCATION_SERVICE_SETTINGS,IDS_TPLATFORM_OPT_LOCATION_T_LBS,,
mobile,core,public,2.4,9.9,yes,http://tizen.org/privilege/mapservice,no,N/A,,IDS_TPLATFORM_HEADER_USING_MAP_SERVICES,IDS_TPLATFORM_BODY_THIS_APPLICATION_CAN_USE_MAP_SERVICES_SUCH_AS_GEOCODER_PLACES_AND_ROUTE_HDIRECTION,IDS_TPLATFORM_OPT_LOCATION_T_LBS,,
wearable,core,public,3,9.9,yes,http://tizen.org/privilege/mapservice,no,N/A,,IDS_TPLATFORM_HEADER_USING_MAP_SERVICES,IDS_TPLATFORM_BODY_THIS_APPLICATION_CAN_USE_MAP_SERVICES_SUCH_AS_GEOCODER_PLACES_AND_ROUTE_HDIRECTION,IDS_TPLATFORM_OPT_LOCATION_T_LBS,,
mobile,core,public,2.4,9.9,yes,http://tizen.org/privilege/mediacontroller.client,no,N/A,,IDS_TPLATFORM_HEADER_CONTROLLING_MEDIA_PLAYER,IDS_TPLATFORM_BODY_THIS_APPLICATION_CAN_RECEIVE_INFORMATION_ABOUT_CURRENTLY_PLAYING_MEDIA_FROM_APPLICATIONS_THAT_ARE_ALLOWED_TO_SEND_IT_MSG,IDS_TPLATFORM_BODY_HARDWARE_CONTROLS_ABB,,
wearable,core,public,3,9.9,yes,http://tizen.org/privilege/mediacontroller.client,no,N/A,,IDS_TPLATFORM_HEADER_CONTROLLING_MEDIA_PLAYER,IDS_TPLATFORM_BODY_THIS_APPLICATION_CAN_RECEIVE_INFORMATION_ABOUT_CURRENTLY_PLAYING_MEDIA_FROM_APPLICATIONS_THAT_ARE_ALLOWED_TO_SEND_IT_MSG,IDS_TPLATFORM_BODY_HARDWARE_CONTROLS_ABB,,
mobile,core,public,2.4,9.9,yes,http://tizen.org/privilege/mediacontroller.server,no,N/A,,IDS_TPLATFORM_HEADER_ACCEPTING_REMOTE_CONTROLS,IDS_TPLATFORM_BODY_THIS_APPLICATION_CAN_SEND_INFORMATION_ABOUT_CURRENTLY_PLAYING_MEDIA_TO_APPLICATIONS_THAT_ARE_ALLOWED_TO_RECEIVE_IT_MSG,IDS_TPLATFORM_BODY_HARDWARE_CONTROLS_ABB,,
wearable,core,public,3,9.9,yes,http://tizen.org/privilege/mediacontroller.server,no,N/A,,IDS_TPLATFORM_HEADER_ACCEPTING_REMOTE_CONTROLS,IDS_TPLATFORM_BODY_THIS_APPLICATION_CAN_SEND_INFORMATION_ABOUT_CURRENTLY_PLAYING_MEDIA_TO_APPLICATIONS_THAT_ARE_ALLOWED_TO_RECEIVE_IT_MSG,IDS_TPLATFORM_BODY_HARDWARE_CONTROLS_ABB,,
mobile,core,public,2.4,9.9,yes,http://tizen.org/privilege/mediahistory.read,yes,USERHISTORY,,IDS_TPLATFORM_HEADER_READING_MEDIA_PLAYBACK_STATISTICS,IDS_TPLATFORM_BODY_THIS_APPLICATION_CAN_READ_THE_STATISTICS_CONCERNING_THE_MUSIC_AND_VIDEOS_PLAYED_ON_THE_DEVICE_SUCH_AS_THE_PEAK_TIMES_FOR_PLAYING_MUSIC_OR_VIDEOS,IDS_TPLATFORM_BODY_PERSONAL_INFORMATION_ABB,,
mobile,core,public,2.3,9.9,yes,http://tizen.org/privilege/mediastorage,no,N/A,,IDS_TPLATFORM_HEADER_ACCESSING_MEDIA_FOLDERS,IDS_TPLATFORM_BODY_THIS_APPLICATION_CAN_READ_AND_WRITE_FILES_IN_MEDIA_FOLDERS,IDS_TPLATFORM_BODY_SYSTEM_SETTINGS_ABB,,
wearable,core,public,2.3.1,9.9,yes,http://tizen.org/privilege/mediastorage,no,N/A,,IDS_TPLATFORM_HEADER_ACCESSING_MEDIA_FOLDERS,IDS_TPLATFORM_BODY_THIS_APPLICATION_CAN_READ_AND_WRITE_FILES_IN_MEDIA_FOLDERS,IDS_TPLATFORM_BODY_SYSTEM_SETTINGS_ABB,,
mobile,core,public,2.3,9.9,yes,http://tizen.org/privilege/message.read,yes,MESSAGE,,IDS_TPLATFORM_BODY_READING_TEXT_AND_MULTIMEDIA_MESSAGES_AND_RELATED_INFORMATION_M_NOUN,IDS_TPLATFORM_BODY_THIS_APPLICATION_CAN_READ_TEXT_AND_MULTIMEDIA_MESSAGES_AND_ANY_INFORMATION_RELATED_TO_THEM,IDS_TPLATFORM_BODY_PERSONAL_INFORMATION_ABB,,
wearable,core,public,2.3.1,9.9,yes,http://tizen.org/privilege/message.read,yes,MESSAGE,,IDS_TPLATFORM_BODY_READING_TEXT_AND_MULTIMEDIA_MESSAGES_AND_RELATED_INFORMATION_M_NOUN,IDS_TPLATFORM_BODY_THIS_APPLICATION_CAN_READ_TEXT_AND_MULTIMEDIA_MESSAGES_AND_ANY_INFORMATION_RELATED_TO_THEM,IDS_TPLATFORM_BODY_PERSONAL_INFORMATION_ABB,,
mobile,core,public,2.3,9.9,yes,http://tizen.org/privilege/message.write,yes,MESSAGE,,IDS_TPLATFORM_BODY_SENDING_TEXT_AND_MULTIMEDIA_MESSAGES_AND_UPDATING_THEIR_STATUSES_M_NOUN,IDS_TPLATFORM_BODY_THIS_APPLICATION_CAN_WRITE_SEND_DELETE_AND_MOVE_TEXT_AND_MULTIMEDIA_MESSAGES_DOWNLOAD_MULTIMEDIA_MESSAGES_MSG,IDS_TPLATFORM_BODY_PERSONAL_INFORMATION_ABB,,
wearable,core,public,2.3.1,9.9,yes,http://tizen.org/privilege/message.write,yes,MESSAGE,,IDS_TPLATFORM_BODY_SENDING_TEXT_AND_MULTIMEDIA_MESSAGES_AND_UPDATING_THEIR_STATUSES_M_NOUN,IDS_TPLATFORM_BODY_THIS_APPLICATION_CAN_WRITE_SEND_DELETE_AND_MOVE_TEXT_AND_MULTIMEDIA_MESSAGES_DOWNLOAD_MULTIMEDIA_MESSAGES_MSG,IDS_TPLATFORM_BODY_PERSONAL_INFORMATION_ABB,,
mobile,core,public,2.4,3,yes,http://tizen.org/privilege/minicontrol.provider,no,N/A,,IDS_TPLATFORM_HEADER_SHOWING_TOOLBAR,IDS_TPLATFORM_BODY_THIS_APPLICATION_CAN_SHOW_A_SMALL_TOOLBAR_ON_THE_NOTIFICATION_PANEL_OR_LOCK_SCREEN_WHILE_IT_IS_OPEN,IDS_TPLATFORM_BODY_SYSTEM_SETTINGS_ABB,,
mobile,core,public,2.3,9.9,yes,http://tizen.org/privilege/network.get,no,N/A,,IDS_TPLATFORM_HEADER_READING_NETWORK_INFORMATION,IDS_TPLATFORM_BODY_THIS_APPLICATION_CAN_RETRIEVE_NETWORK_INFORMATION_SUCH_AS_THE_STATUS_OF_EACH_NETWORK_ITS_TYPE_AND_DETAILED_NETWORK_PROFILE_INFORMATION,IDS_TPLATFORM_BODY_NETWORK_CONNECTIONS_ABB,,
wearable,core,public,2.3.1,9.9,yes,http://tizen.org/privilege/network.get,no,N/A,,IDS_TPLATFORM_HEADER_READING_NETWORK_INFORMATION,IDS_TPLATFORM_BODY_THIS_APPLICATION_CAN_RETRIEVE_NETWORK_INFORMATION_SUCH_AS_THE_STATUS_OF_EACH_NETWORK_ITS_TYPE_AND_DETAILED_NETWORK_PROFILE_INFORMATION,IDS_TPLATFORM_BODY_NETWORK_CONNECTIONS_ABB,,
mobile,core,public,2.3,9.9,yes,http://tizen.org/privilege/network.profile,no,N/A,,IDS_TPLATFORM_HEADER_MANAGING_NETWORK_PROFILES,IDS_TPLATFORM_BODY_THIS_APPLICATION_CAN_ADD_REMOVE_AND_EDIT_NETWORK_PROFILES,IDS_TPLATFORM_BODY_NETWORK_CONNECTIONS_ABB,,
wearable,core,public,2.3.1,9.9,yes,http://tizen.org/privilege/network.profile,no,N/A,,IDS_TPLATFORM_HEADER_MANAGING_NETWORK_PROFILES,IDS_TPLATFORM_BODY_THIS_APPLICATION_CAN_ADD_REMOVE_AND_EDIT_NETWORK_PROFILES,IDS_TPLATFORM_BODY_NETWORK_CONNECTIONS_ABB,,
mobile,core,public,2.3,9.9,yes,http://tizen.org/privilege/network.set,no,N/A,,IDS_TPLATFORM_HEADER_MANAGING_NETWORK_CONNECTIONS,IDS_TPLATFORM_BODY_THIS_APPLICATION_CAN_TURN_WI_FI_ON_AND_OFF_AND_CONNECT_TO_AND_DISCONNECT_FROM_WI_FI_AND_MOBILE_NETWORKS_MSG,IDS_TPLATFORM_BODY_NETWORK_CONNECTIONS_ABB,,
wearable,core,public,2.3.1,9.9,yes,http://tizen.org/privilege/network.set,no,N/A,,IDS_TPLATFORM_HEADER_MANAGING_NETWORK_CONNECTIONS,IDS_TPLATFORM_BODY_THIS_APPLICATION_CAN_TURN_WI_FI_ON_AND_OFF_AND_CONNECT_TO_AND_DISCONNECT_FROM_WI_FI_AND_MOBILE_NETWORKS_MSG,IDS_TPLATFORM_BODY_NETWORK_CONNECTIONS_ABB,,
mobile,core,public,2.3,9.9,yes,http://tizen.org/privilege/nfc,no,N/A,,IDS_TPLATFORM_HEADER_USING_BASIC_NFC_SERVICES,IDS_TPLATFORM_BODY_THIS_APPLICATION_CAN_READ_AND_WRITE_NFC_TAG_INFORMATION_AND_SEND_NFC_MESSAGES_TO_OTHER_DEVICES,IDS_TPLATFORM_BODY_SYSTEM_SETTINGS_ABB,,
wearable,core,public,2.3.1,9.9,yes,http://tizen.org/privilege/nfc,no,N/A,,IDS_TPLATFORM_HEADER_USING_BASIC_NFC_SERVICES,IDS_TPLATFORM_BODY_THIS_APPLICATION_CAN_READ_AND_WRITE_NFC_TAG_INFORMATION_AND_SEND_NFC_MESSAGES_TO_OTHER_DEVICES,IDS_TPLATFORM_BODY_SYSTEM_SETTINGS_ABB,,
mobile,core,platform,2.3,9.9,yes,http://tizen.org/privilege/nfc.admin,no,N/A,,IDS_TPLATFORM_BODY_MANAGING_NFC_GENERAL_SETTINGS,IDS_TPLATFORM_SBODY_THIS_APPLICATION_CAN_CHANGE_NFC_SETTINGS_SUCH_AS_TURNING_NFC_ON_OR_OFF,IDS_TPLATFORM_BODY_SYSTEM_SETTINGS_ABB,,
wearable,core,platform,2.3.1,9.9,yes,http://tizen.org/privilege/nfc.admin,no,N/A,,IDS_TPLATFORM_BODY_MANAGING_NFC_GENERAL_SETTINGS,IDS_TPLATFORM_SBODY_THIS_APPLICATION_CAN_CHANGE_NFC_SETTINGS_SUCH_AS_TURNING_NFC_ON_OR_OFF,IDS_TPLATFORM_BODY_SYSTEM_SETTINGS_ABB,,
mobile,core,public,2.3,9.9,yes,http://tizen.org/privilege/nfc.cardemulation,no,N/A,,IDS_TPLATFORM_HEADER_USING_NFC_CARD_EMULATION_MODE,IDS_TPLATFORM_BODY_THIS_APPLICATION_CAN_ACCESS_SMART_CARD_DETAILS_SUCH_AS_CREDIT_CARD_DETAILS_AND_ALLOW_USERS_TO_MAKE_PAYMENTS_VIA_NFC,IDS_TPLATFORM_BODY_SYSTEM_SETTINGS_ABB,,
wearable,core,public,2.3.1,9.9,yes,http://tizen.org/privilege/nfc.cardemulation,no,N/A,,IDS_TPLATFORM_HEADER_USING_NFC_CARD_EMULATION_MODE,IDS_TPLATFORM_BODY_THIS_APPLICATION_CAN_ACCESS_SMART_CARD_DETAILS_SUCH_AS_CREDIT_CARD_DETAILS_AND_ALLOW_USERS_TO_MAKE_PAYMENTS_VIA_NFC,IDS_TPLATFORM_BODY_SYSTEM_SETTINGS_ABB,,
mobile,core,public,2.3,9.9,yes,http://tizen.org/privilege/notification,no,N/A,,IDS_TPLATFORM_BODY_PROVIDING_NOTIFICATIONS,IDS_TPLATFORM_BODY_THIS_APPLICATION_CAN_SHOW_AND_HIDE_ITS_OWN_NOTIFICATIONS_AND_BADGES,IDS_TPLATFORM_BODY_SYSTEM_SETTINGS_ABB,,
wearable,core,public,2.3.1,9.9,yes,http://tizen.org/privilege/notification,no,N/A,,IDS_TPLATFORM_BODY_PROVIDING_NOTIFICATIONS,IDS_TPLATFORM_BODY_THIS_APPLICATION_CAN_SHOW_AND_HIDE_ITS_OWN_NOTIFICATIONS_AND_BADGES,IDS_TPLATFORM_BODY_SYSTEM_SETTINGS_ABB,,
mobile,core,platform,2.3,9.9,yes,http://tizen.org/privilege/packagemanager.admin,no,N/A,,IDS_TPLATFORM_HEADER_INSTALLING_UNINSTALLING_APPLICATION_PACKAGES,IDS_TPLATFORM_BODY_THIS_APPLICATION_CAN_INSTALL_AND_UNINSTALL_APPLICATION_PACKAGES,IDS_TPLATFORM_BODY_SYSTEM_SETTINGS_ABB,,
wearable,core,platform,2.3.1,9.9,yes,http://tizen.org/privilege/packagemanager.admin,no,N/A,,IDS_TPLATFORM_HEADER_INSTALLING_UNINSTALLING_APPLICATION_PACKAGES,IDS_TPLATFORM_BODY_THIS_APPLICATION_CAN_INSTALL_AND_UNINSTALL_APPLICATION_PACKAGES,IDS_TPLATFORM_BODY_SYSTEM_SETTINGS_ABB,,
mobile,core,public,2.4,9.9,yes,http://tizen.org/privilege/packagemanager.clearcache,no,N/A,,IDS_TPLATFORM_HEADER_CLEARING_OTHER_APPLICATIONS_CACHES,IDS_TPLATFORM_BODY_THIS_APPLICATION_CAN_CLEAR_OTHER_APPLICATIONS_CACHES,IDS_TPLATFORM_BODY_SYSTEM_SETTINGS_ABB,,
wearable,core,public,3,9.9,yes,http://tizen.org/privilege/packagemanager.clearcache,no,N/A,,IDS_TPLATFORM_HEADER_CLEARING_OTHER_APPLICATIONS_CACHES,IDS_TPLATFORM_BODY_THIS_APPLICATION_CAN_CLEAR_OTHER_APPLICATIONS_CACHES,IDS_TPLATFORM_BODY_SYSTEM_SETTINGS_ABB,,
mobile,core,public,2.3,9.9,yes,http://tizen.org/privilege/packagemanager.info,no,N/A,,IDS_TPLATFORM_HEADER_RETRIEVING_DETAILED_PACKAGE_INFORMATION,IDS_TPLATFORM_BODY_THIS_APPLICATION_CAN_RETRIEVE_DETAILED_APPLICATION_PACKAGE_INFORMATION,IDS_TPLATFORM_BODY_SYSTEM_SETTINGS_ABB,,
wearable,core,public,2.3.1,9.9,yes,http://tizen.org/privilege/packagemanager.info,no,N/A,,IDS_TPLATFORM_HEADER_RETRIEVING_DETAILED_PACKAGE_INFORMATION,IDS_TPLATFORM_BODY_THIS_APPLICATION_CAN_RETRIEVE_DETAILED_APPLICATION_PACKAGE_INFORMATION,IDS_TPLATFORM_BODY_SYSTEM_SETTINGS_ABB,,
mobile,core,public,2.3,9.9,yes,http://tizen.org/privilege/power,no,N/A,,IDS_TPLATFORM_BODY_MANAGING_POWER,IDS_TPLATFORM_SBODY_THIS_APPLICATION_CAN_CONTROL_POWER_RELATED_SETTINGS_SUCH_AS_DIMMING_THE_SCREEN,IDS_TPLATFORM_BODY_HARDWARE_CONTROLS_ABB,,
wearable,core,public,2.3.1,9.9,yes,http://tizen.org/privilege/power,no,N/A,,IDS_TPLATFORM_BODY_MANAGING_POWER,IDS_TPLATFORM_SBODY_THIS_APPLICATION_CAN_CONTROL_POWER_RELATED_SETTINGS_SUCH_AS_DIMMING_THE_SCREEN,IDS_TPLATFORM_BODY_HARDWARE_CONTROLS_ABB,,
mobile,core,public,2.3,9.9,yes,http://tizen.org/privilege/push,no,N/A,,IDS_TPLATFORM_BODY_RECEIVING_PUSH_NOTIFICATIONS,IDS_TPLATFORM_BODY_THIS_APPLICATION_CAN_RECEIVE_NOTIFICATIONS_VIA_THE_INTERNET_THIS_MAY_RESULT_IN_ADDITIONAL_CHARGES_DEPENDING_ON_YOUR_PAYMENT_PLAN,IDS_TPLATFORM_BODY_NETWORK_CONNECTIONS_ABB,,
wearable,core,public,2.3.1,9.9,yes,http://tizen.org/privilege/push,no,N/A,,IDS_TPLATFORM_BODY_RECEIVING_PUSH_NOTIFICATIONS,IDS_TPLATFORM_BODY_THIS_APPLICATION_CAN_RECEIVE_NOTIFICATIONS_VIA_THE_INTERNET_THIS_MAY_RESULT_IN_ADDITIONAL_CHARGES_DEPENDING_ON_YOUR_PAYMENT_PLAN,IDS_TPLATFORM_BODY_NETWORK_CONNECTIONS_ABB,,
common,core,platform,2.3.1,9.9,yes,http://tizen.org/privilege/reboot,no,N/A,,IDS_TPLATFORM_HEADER_RESTARTING_DEVICE,IDS_TPLATFORM_BODY_THIS_APPLICATION_CAN_RESTART_THE_DEVICE,IDS_TPLATFORM_BODY_HARDWARE_CONTROLS_ABB,,
mobile,core,public,2.3,9.9,yes,http://tizen.org/privilege/recorder,yes,MICROPHONE,,IDS_TPLATFORM_HEADER_RECORDING_VIDEO_AND_AUDIO,IDS_TPLATFORM_BODY_THIS_APPLICATION_CAN_RECORD_VIDEO_AND_AUDIO,IDS_TPLATFORM_BODY_HARDWARE_CONTROLS_ABB,,
wearable,core,public,2.3.1,9.9,yes,http://tizen.org/privilege/recorder,yes,MICROPHONE,,IDS_TPLATFORM_HEADER_RECORDING_VIDEO_AND_AUDIO,IDS_TPLATFORM_BODY_THIS_APPLICATION_CAN_RECORD_VIDEO_AND_AUDIO,IDS_TPLATFORM_BODY_HARDWARE_CONTROLS_ABB,,
mobile,core,platform,2.3,9.9,yes,http://tizen.org/privilege/screenshot,no,N/A,,IDS_TPLATFORM_HEADER_CAPTURING_DEVICE_SCREEN,IDS_TPLATFORM_BODY_THIS_APPLICATION_CAN_CAPTURE_SCREENSHOTS,IDS_TPLATFORM_BODY_HARDWARE_CONTROLS_ABB,,
wearable,core,platform,2.3.1,9.9,yes,http://tizen.org/privilege/screenshot,no,N/A,,IDS_TPLATFORM_HEADER_CAPTURING_DEVICE_SCREEN,IDS_TPLATFORM_BODY_THIS_APPLICATION_CAN_CAPTURE_SCREENSHOTS,IDS_TPLATFORM_BODY_HARDWARE_CONTROLS_ABB,,
common,core,public,2.3.1,9.9,yes,http://tizen.org/privilege/secureelement,no,N/A,,IDS_TPLATFORM_BODY_ACCESSING_SECURE_ELEMENTS,IDS_TPLATFORM_SBODY_THIS_APPLICATION_CAN_ACCESS_SECURE_SMART_CARD_CHIPS_SUCH_AS_UICC_SIM_EMBEDDED_SECURE_ELEMENTS_AND_SECURE_SD_CARDS,IDS_TPLATFORM_BODY_HARDWARE_CONTROLS_ABB,,
mobile,core,public,2.3,9.9,yes,http://tizen.org/privilege/shortcut,no,N/A,,IDS_TPLATFORM_HEADER_MANAGING_SHORTCUTS,IDS_TPLATFORM_BODY_THIS_APPLICATION_CAN_CREATE_AND_DELETE_SHORTCUTS,IDS_TPLATFORM_BODY_SYSTEM_SETTINGS_ABB,,
mobile,core,public,2.4,9.9,yes,http://tizen.org/privilege/systemmonitor,no,N/A,,IDS_TPLATFORM_HEADER_MONITORING_SYSTEM_RESOURCES,IDS_TPLATFORM_BODY_THIS_APPLICATION_CAN_READ_SYSTEM_INFORMATION_INCLUDING_INFORMATION_FROM_THE_CPU_AND_RAM,IDS_TPLATFORM_BODY_SYSTEM_SETTINGS_ABB,,
wearable,core,public,3,9.9,yes,http://tizen.org/privilege/systemmonitor,no,N/A,,IDS_TPLATFORM_HEADER_MONITORING_SYSTEM_RESOURCES,IDS_TPLATFORM_BODY_THIS_APPLICATION_CAN_READ_SYSTEM_INFORMATION_INCLUDING_INFORMATION_FROM_THE_CPU_AND_RAM,IDS_TPLATFORM_BODY_SYSTEM_SETTINGS_ABB,,
mobile,core,public,2.3,2.3.1,yes,http://tizen.org/privilege/systemsettings,no,N/A,,IDS_TPLATFORM_HEADER_MANAGING_UNRESTRICTED_SYSTEM_SETTINGS,IDS_TPLATFORM_BODY_THIS_APPLICATION_CAN_READ_AND_WRITE_UNRESTRICTED_SYSTEM_SETTINGS,IDS_TPLATFORM_BODY_SYSTEM_SETTINGS_ABB,,
mobile,core,platform,2.3,9.9,yes,http://tizen.org/privilege/systemsettings.admin,no,N/A,,IDS_TPLATFORM_HEADER_MANAGING_ALL_SYSTEM_SETTINGS,IDS_TPLATFORM_BODY_THIS_APPLICATION_CAN_READ_AND_WRITE_ALL_SYSTEM_SETTINGS,IDS_TPLATFORM_BODY_SYSTEM_SETTINGS_ABB,,
wearable,core,platform,2.3.1,9.9,yes,http://tizen.org/privilege/systemsettings.admin,no,N/A,,IDS_TPLATFORM_HEADER_MANAGING_ALL_SYSTEM_SETTINGS,IDS_TPLATFORM_BODY_THIS_APPLICATION_CAN_READ_AND_WRITE_ALL_SYSTEM_SETTINGS,IDS_TPLATFORM_BODY_SYSTEM_SETTINGS_ABB,,
mobile,core,public,2.3,9.9,yes,http://tizen.org/privilege/telephony,no,N/A,,IDS_TPLATFORM_BODY_ACCESSING_TELEPHONY_INFORMATION,IDS_TPLATFORM_BODY_THIS_APPLICATION_CAN_RETRIEVE_TELEPHONY_INFORMATION_SUCH_AS_THE_NETWORK_AND_SIM_CARD_USED_THE_IMEI_AND_THE_STATUSES_OF_CALLS,IDS_TPLATFORM_BODY_SYSTEM_SETTINGS_ABB,,
wearable,core,public,2.3.1,9.9,yes,http://tizen.org/privilege/telephony,no,N/A,,IDS_TPLATFORM_BODY_ACCESSING_TELEPHONY_INFORMATION,IDS_TPLATFORM_BODY_THIS_APPLICATION_CAN_RETRIEVE_TELEPHONY_INFORMATION_SUCH_AS_THE_NETWORK_AND_SIM_CARD_USED_THE_IMEI_AND_THE_STATUSES_OF_CALLS,IDS_TPLATFORM_BODY_SYSTEM_SETTINGS_ABB,,
mobile,core,platform,2.3,9.9,yes,http://tizen.org/privilege/telephony.admin,no,N/A,,IDS_TPLATFORM_HEADER_MANAGING_TELEPHONY_SETTINGS,IDS_TPLATFORM_BODY_THIS_APPLICATION_CAN_MANAGE_TELEPHONY_SETTINGS_SUCH_AS_THOSE_FOR_INCOMING_AND_OUTGOING_CALLS_FORWARDING_AND_HOLDING_CALLS_NETWORKS_AND_SIM_CARDS,IDS_TPLATFORM_BODY_SYSTEM_SETTINGS_ABB,,
wearable,core,platform,2.3.1,9.9,yes,http://tizen.org/privilege/telephony.admin,no,N/A,,IDS_TPLATFORM_HEADER_MANAGING_TELEPHONY_SETTINGS,IDS_TPLATFORM_BODY_THIS_APPLICATION_CAN_MANAGE_TELEPHONY_SETTINGS_SUCH_AS_THOSE_FOR_INCOMING_AND_OUTGOING_CALLS_FORWARDING_AND_HOLDING_CALLS_NETWORKS_AND_SIM_CARDS,IDS_TPLATFORM_BODY_SYSTEM_SETTINGS_ABB,,
mobile,core,platform,2.3,9.9,yes,http://tizen.org/privilege/tethering.admin,no,N/A,,IDS_TPLATFORM_HEADER_ACCESSING_TETHERING_SERVICES,IDS_TPLATFORM_BODY_THIS_APPLICATION_CAN_ENABLE_AND_DISABLE_TETHERING_SERVICES_THIS_MAY_RESULT_IN_ADDITIONAL_CHARGES_DEPENDING_ON_YOUR_PAYMENT_PLAN,IDS_TPLATFORM_BODY_SYSTEM_SETTINGS_ABB,,
common,core,public,3,9.9,yes,http://tizen.org/privilege/use_ir,no,N/A,,IDS_ST_HEADER_USING_INFRARED_TRANSMITTER,IDS_ST_BODY_THIS_APPLICATION_CAN_USE_THE_INFRARED_TRANSMITTER,IDS_TPLATFORM_BODY_HARDWARE_CONTROLS_ABB,,
mobile,core,public,2.3,9.9,yes,http://tizen.org/privilege/volume.set,no,N/A,,IDS_TPLATFORM_HEADER_ADJUSTING_VOLUME,IDS_TPLATFORM_BODY_THIS_APPLICATION_CAN_ADJUST_THE_VOLUME_FOR_DIFFERENT_FEATURES_SUCH_AS_NOTIFICATION_ALERTS_RINGTONES_AND_MEDIA,IDS_TPLATFORM_BODY_SYSTEM_SETTINGS_ABB,,
wearable,core,public,2.3.1,9.9,yes,http://tizen.org/privilege/volume.set,no,N/A,,IDS_TPLATFORM_HEADER_ADJUSTING_VOLUME,IDS_TPLATFORM_BODY_THIS_APPLICATION_CAN_ADJUST_THE_VOLUME_FOR_DIFFERENT_FEATURES_SUCH_AS_NOTIFICATION_ALERTS_RINGTONES_AND_MEDIA,IDS_TPLATFORM_BODY_SYSTEM_SETTINGS_ABB,,
mobile,core,public,3,9.9,yes,http://tizen.org/privilege/vpnservice,no,N/A,,IDS_TPLATFORM_HEADER_MANAGING_VPN_HVIRTUAL_PRIVATE_NETWORK,IDS_TPLATFORM_BODY_THIS_APPLICATION_CAN_MANAGE_THE_VPN_HVIRTUAL_PRIVATE_NETWORK_AND_CHANGE_ITS_SETTINGS,IDS_TPLATFORM_BODY_NETWORK_CONNECTIONS_ABB,,
mobile,core,platform,3,9.9,yes,http://tizen.org/privilege/vpnservice.admin,no,N/A,,IDS_TPLATFORM_HEADER_ENABLING_DISABLING_VPN_HVIRTUAL_PRIVATE_NETWORK_FUNCTIONS,IDS_TPLATFORM_BODY_THIS_APPLICATION_CAN_ENABLE_AND_DISABLE_THE_VPN_HVIRTUAL_PRIVATE_NETWORK_FUNCTIONS,IDS_TPLATFORM_BODY_NETWORK_CONNECTIONS_ABB,,
mobile,core,platform,2.3,9.9,yes,http://tizen.org/privilege/web-history.admin,yes,USERHISTORY,,IDS_TPLATFORM_HEADER_MANAGING_INTERNET_HISTORY,IDS_TPLATFORM_BODY_THIS_APPLICATION_CAN_MANAGE_YOUR_INTERNET_HISTORY,IDS_TPLATFORM_BODY_PERSONAL_INFORMATION_ABB,,
common,core,public,2.3.1,9.9,yes,http://tizen.org/privilege/widget.viewer,no,N/A,,IDS_TPLATFORM_HEADER_SHOWING_WIDGETS,IDS_TPLATFORM_BODY_THIS_APPLICATION_CAN_SHOW_WIDGETS_AND_INFORMATION_FROM_THEIR_ASSOCIATED_APPLICATIONS_ON_THE_HOME_SCREEN,IDS_TPLATFORM_BODY_SYSTEM_SETTINGS_ABB,,
mobile,core,public,2.3,9.9,yes,http://tizen.org/privilege/wifidirect,no,N/A,,IDS_TPLATFORM_HEADER_MANAGING_WI_FI_DIRECT_INFORMATION,IDS_TPLATFORM_BODY_THIS_APPLICATION_CAN_ENABLE_AND_DISABLE_WI_FI_DIRECT_MANAGE_WI_FI_DIRECT_CONNECTIONS_AND_CHANGE_WI_FI_DIRECT_SETTINGS,IDS_TPLATFORM_BODY_HARDWARE_CONTROLS_ABB,,
mobile,core,public,2.3,9.9,yes,http://tizen.org/privilege/window.priority.set,no,N/A,,IDS_TPLATFORM_HEADER_DISPLAYING_WINDOWS_ON_TOP_OF_OTHER_APPLICATIONS_AND_SCREENS,IDS_TPLATFORM_BODY_THIS_APPLICATION_CAN_APPEAR_ON_TOP_OF_OTHER_WINDOWS_AND_SCREENS_MSG,IDS_TPLATFORM_BODY_SYSTEM_SETTINGS_ABB,,
wearable,core,public,2.3.1,9.9,yes,http://tizen.org/privilege/window.priority.set,no,N/A,,IDS_TPLATFORM_HEADER_DISPLAYING_WINDOWS_ON_TOP_OF_OTHER_APPLICATIONS_AND_SCREENS,IDS_TPLATFORM_BODY_THIS_APPLICATION_CAN_APPEAR_ON_TOP_OF_OTHER_WINDOWS_AND_SCREENS_MSG,IDS_TPLATFORM_BODY_SYSTEM_SETTINGS_ABB,,
