#PROFILE,#PACKAGE_TYPE,#PRIVILEGE_LEVEL,#API_VERSION_ISSUED,#API_VERSION_EXPIRED,#DOCUMENTED,#PRIVILEGE_NAME,#PRIVILEGE_DISPLAY,#PRIVILEGE_DESCRIPTION,#PRIVILEGE_GROUP,#CHANGED_TO
mobile,wrt,public,2.3,9.9,yes,http://tizen.org/privilege/account.read,IDS_TPLATFORM_BODY_READING_ACCOUNTS,IDS_TPLATFORM_BODY_THIS_APPLICATION_CAN_READ_ACCOUNTS,IDS_TPLATFORM_BODY_PERSONAL_INFORMATION_ABB,
mobile,wrt,public,2.3,9.9,yes,http://tizen.org/privilege/account.write,IDS_TPLATFORM_BODY_MANAGING_ACCOUNTS,IDS_TPLATFORM_BODY_THIS_APPLICATION_CAN_CREATE_EDIT_AND_DELETE_ACCOUNTS,IDS_TPLATFORM_BODY_PERSONAL_INFORMATION_ABB,
common,wrt,public,1,9.9,yes,http://tizen.org/privilege/alarm,IDS_TPLATFORM_HEADER_MANAGING_ALARMS,IDS_TPLATFORM_BODY_THIS_APPLICATION_CAN_MANAGE_ALARMS_BY_RETRIEVING_SAVED_ALARMS_AND_WAKING_THE_DEVICE_UP_AT_SCHEDULED_TIMES,IDS_TPLATFORM_BODY_SYSTEM_SETTINGS_ABB,
common,wrt,public,1,1,yes,http://tizen.org/privilege/alarm.read,,,IDS_TPLATFORM_BODY_SYSTEM_SETTINGS_ABB,http://tizen.org/privilege/alarm
common,wrt,public,1,1,yes,http://tizen.org/privilege/alarm.write,,,IDS_TPLATFORM_BODY_SYSTEM_SETTINGS_ABB,http://tizen.org/privilege/alarm
common,wrt,public,1,1,yes,http://tizen.org/privilege/application,,,IDS_TPLATFORM_BODY_SYSTEM_SETTINGS_ABB,
common,wrt,public,2.2,9.9,yes,http://tizen.org/privilege/application.info,IDS_TPLATFORM_BODY_RETRIEVING_APPLICATION_INFORMATION_M_NOUN,IDS_TPLATFORM_BODY_THIS_APPLICATION_CAN_RETRIEVE_INFORMATION_RELATED_TO_OTHER_APPLICATIONS,IDS_TPLATFORM_BODY_SYSTEM_SETTINGS_ABB,
common,wrt,public,1,2.3,no,http://tizen.org/privilege/application.install,,,IDS_TPLATFORM_BODY_SYSTEM_SETTINGS_ABB,http://tizen.org/privilege/packagemanager.install
mobile,wrt,partner,1,1,yes,http://tizen.org/privilege/application.kill,IDS_TPLATFORM_BODY_CLOSING_APPLICATIONS,IDS_TPLATFORM_BODY_THIS_APPLICATION_CAN_CLOSE_OTHER_APPLICATIONS,IDS_TPLATFORM_BODY_SYSTEM_SETTINGS_ABB,http://tizen.org/privilege/appmanager.kill
common,wrt,public,1,9.9,yes,http://tizen.org/privilege/application.launch,IDS_TPLATFORM_BODY_OPENING_APPLICATIONS,IDS_TPLATFORM_BODY_THIS_APPLICATION_CAN_OPEN_OTHER_APPLICATIONS_USING_THE_APPLICATION_ID_OR_APPLICATION_CONTROL,IDS_TPLATFORM_BODY_SYSTEM_SETTINGS_ABB,
mobile,wrt,partner,1,2,yes,http://tizen.org/privilege/application.read,IDS_TPLATFORM_BODY_RETRIEVING_APPLICATION_INFORMATION_M_NOUN,IDS_TPLATFORM_BODY_THIS_APPLICATION_CAN_RETRIEVE_INFORMATION_RELATED_TO_OTHER_APPLICATIONS,IDS_TPLATFORM_BODY_SYSTEM_SETTINGS_ABB,http://tizen.org/privilege/application.info
common,wrt,partner,2.1,9.9,yes,http://tizen.org/privilege/appmanager.certificate,IDS_TPLATFORM_BODY_GETTING_APPLICATION_CERTIFICATES,IDS_TPLATFORM_BODY_THIS_APPLICATION_CAN_RETRIEVE_SPECIFIED_APPLICATION_CERTIFICATES,IDS_TPLATFORM_BODY_SYSTEM_SETTINGS_ABB,
common,wrt,partner,2.1,9.9,yes,http://tizen.org/privilege/appmanager.kill,IDS_TPLATFORM_BODY_CLOSING_APPLICATIONS,IDS_TPLATFORM_BODY_THIS_APPLICATION_CAN_CLOSE_OTHER_APPLICATIONS,IDS_TPLATFORM_BODY_SYSTEM_SETTINGS_ABB,
wearable,wrt,public,2.3,9.9,yes,http://tizen.org/privilege/audiorecorder,IDS_TPLATFORM_BODY_RECORDING_AUDIO,IDS_TPLATFORM_BODY_THIS_APPLICATION_CAN_MANAGE_AUDIO_RECORDINGS,IDS_TPLATFORM_BODY_HARDWARE_CONTROLS_ABB,
common,wrt,public,1,1,yes,http://tizen.org/privilege/bluetooth,,,IDS_TPLATFORM_BODY_HARDWARE_CONTROLS_ABB,
mobile,wrt,public,1,9.9,yes,http://tizen.org/privilege/bluetooth.admin,IDS_TPLATFORM_HEADER_CHANGING_BLUETOOTH_SETTINGS,IDS_TPLATFORM_BODY_THIS_APPLICATION_CAN_CHANGE_BLUETOOTH_SETTINGS_SUCH_AS_TURNING_BLUETOOTH_ON_OR_OFF_SETTING_THE_DEVICE_NAME_AND_ENABLING_OR_DISABLING_AV_REMOTE_CONTROL,IDS_TPLATFORM_BODY_HARDWARE_CONTROLS_ABB,
wearable,wrt,public,1,9.9,no,http://tizen.org/privilege/bluetooth.admin,IDS_TPLATFORM_HEADER_CHANGING_BLUETOOTH_SETTINGS,IDS_TPLATFORM_BODY_THIS_APPLICATION_CAN_CHANGE_BLUETOOTH_SETTINGS_SUCH_AS_TURNING_BLUETOOTH_ON_OR_OFF_SETTING_THE_DEVICE_NAME_AND_ENABLING_OR_DISABLING_AV_REMOTE_CONTROL,IDS_TPLATFORM_BODY_HARDWARE_CONTROLS_ABB,
mobile,wrt,public,1,9.9,yes,http://tizen.org/privilege/bluetooth.gap,IDS_TPLATFORM_BODY_USING_BLUETOOTH_GAP,IDS_TPLATFORM_BODY_THIS_APPLICATION_CAN_USE_THE_BLUETOOTH_GENERIC_ACCESS_PROFILE_HGAP_TO_FOR_EXAMPLE_SCAN_FOR_AND_PAIR_WITH_DEVICES,IDS_TPLATFORM_BODY_HARDWARE_CONTROLS_ABB,
wearable,wrt,public,1,9.9,no,http://tizen.org/privilege/bluetooth.gap,IDS_TPLATFORM_BODY_USING_BLUETOOTH_GAP,IDS_TPLATFORM_BODY_THIS_APPLICATION_CAN_USE_THE_BLUETOOTH_GENERIC_ACCESS_PROFILE_HGAP_TO_FOR_EXAMPLE_SCAN_FOR_AND_PAIR_WITH_DEVICES,IDS_TPLATFORM_BODY_HARDWARE_CONTROLS_ABB,
mobile,wrt,public,2.2,9.9,yes,http://tizen.org/privilege/bluetooth.health,IDS_TPLATFORM_BODY_USING_BLUETOOTH_HDP,IDS_TPLATFORM_BODY_THIS_APPLICATION_CAN_USE_THE_BLUETOOTH_HEALTH_DEVICE_PROFILE_HHDP_TO_FOR_EXAMPLE_SEND_HEALTH_INFORMATION,IDS_TPLATFORM_BODY_HARDWARE_CONTROLS_ABB,
mobile,wrt,public,1,9.9,yes,http://tizen.org/privilege/bluetooth.spp,IDS_TPLATFORM_BODY_USING_BLUETOOTH_SPP,IDS_TPLATFORM_BODY_THIS_APPLICATION_CAN_USE_THE_BLUETOOTH_SERIAL_PORT_PROFILE_HSPP_TO_FOR_EXAMPLE_SEND_SERIAL_DATA,IDS_TPLATFORM_BODY_HARDWARE_CONTROLS_ABB,
mobile,wrt,platform,2.1,9.9,yes,http://tizen.org/privilege/bluetoothmanager,IDS_TPLATFORM_BODY_MANAGING_BLUETOOTH_SYSTEM_SETTINGS,IDS_TPLATFORM_BODY_THIS_APPLICATION_CAN_CHANGE_BLUETOOTH_SYSTEM_SETTINGS_RELATED_TO_PRIVACY_AND_SECURITY_SUCH_AS_THE_VISIBILITY_MODE,IDS_TPLATFORM_BODY_HARDWARE_CONTROLS_ABB,
mobile,wrt,platform,2.1,9.9,yes,http://tizen.org/privilege/bookmark.read,IDS_TPLATFORM_BODY_READING_BOOKMARKS,IDS_TPLATFORM_SBODY_THIS_APPLICATION_CAN_READ_BOOKMARKS,IDS_TPLATFORM_BODY_PERSONAL_INFORMATION_ABB,
mobile,wrt,platform,2.1,9.9,yes,http://tizen.org/privilege/bookmark.write,IDS_TPLATFORM_BODY_MANAGING_BOOKMARKS,IDS_TPLATFORM_SBODY_THIS_APPLICATION_CAN_CREATE_EDIT_AND_DELETE_BOOKMARKS,IDS_TPLATFORM_BODY_PERSONAL_INFORMATION_ABB,
common,wrt,public,1,1,yes,http://tizen.org/privilege/calendar,,,IDS_TPLATFORM_BODY_PERSONAL_INFORMATION_ABB,http://tizen.org/privilege/calendar.read&http://tizen.org/privilege/calendar.write
mobile,wrt,public,1,9.9,yes,http://tizen.org/privilege/calendar.read,IDS_TPLATFORM_BODY_READING_CALENDAR,IDS_TPLATFORM_BODY_THIS_APPLICATION_CAN_READ_EVENTS_AND_TASKS,IDS_TPLATFORM_BODY_PERSONAL_INFORMATION_ABB,
mobile,wrt,public,1,9.9,yes,http://tizen.org/privilege/calendar.write,IDS_TPLATFORM_BODY_MANAGING_CALENDAR,IDS_TPLATFORM_BODY_THIS_APPLICATION_CAN_CREATE_UPDATE_AND_DELETE_EVENTS_AND_TASKS,IDS_TPLATFORM_BODY_PERSONAL_INFORMATION_ABB,
common,wrt,public,2.3,9.9,yes,http://tizen.org/privilege/call,IDS_TPLATFORM_HEADER_MAKING_PHONE_CALLS,IDS_TPLATFORM_BODY_THIS_APPLICATION_CAN_MAKE_PHONE_CALLS_TO_NUMBERS_WHEN_THEY_ARE_TAPPED_WITHOUT_FURTHER_CONFIRMATION,IDS_TPLATFORM_BODY_PERSONAL_INFORMATION_ABB,
common,wrt,public,1,1,yes,http://tizen.org/privilege/call.history,,,IDS_TPLATFORM_BODY_PERSONAL_INFORMATION_ABB,http://tizen.org/privilege/callhistory.read&http://tizen.org/privilege/callhistory.write
common,wrt,public,1,1,yes,http://tizen.org/privilege/call.history.read,,,IDS_TPLATFORM_BODY_PERSONAL_INFORMATION_ABB,http://tizen.org/privilege/callhistory.read
common,wrt,public,1,1,yes,http://tizen.org/privilege/call.history.write,,,IDS_TPLATFORM_BODY_PERSONAL_INFORMATION_ABB,http://tizen.org/privilege/callhistory.write
common,wrt,public,1,1,yes,http://tizen.org/privilege/call.state,,,IDS_TPLATFORM_BODY_PERSONAL_INFORMATION_ABB,
mobile,wrt,public,2,9.9,yes,http://tizen.org/privilege/callhistory.read,IDS_TPLATFORM_BODY_READING_CALL_LOGS,IDS_TPLATFORM_SBODY_THIS_APPLICATION_CAN_READ_CALL_LOG_ITEMS,IDS_TPLATFORM_BODY_PERSONAL_INFORMATION_ABB,
mobile,wrt,public,2,9.9,yes,http://tizen.org/privilege/callhistory.write,IDS_TPLATFORM_BODY_MANAGING_CALL_LOGS,IDS_TPLATFORM_BODY_THIS_APPLICATION_CAN_CREATE_UPDATE_AND_DELETE_CALL_LOG_ITEMS,IDS_TPLATFORM_BODY_PERSONAL_INFORMATION_ABB,
wearable,wrt,public,2.3,9.9,yes,http://tizen.org/privilege/camera,IDS_TPLATFORM_BODY_USING_CAMERA,IDS_TPLATFORM_BODY_THIS_APPLICATION_CAN_TAKE_AND_PREVIEW_PICTURES,IDS_TPLATFORM_BODY_HARDWARE_CONTROLS_ABB,
common,wrt,public,1,1,yes,http://tizen.org/privilege/contact,,,IDS_TPLATFORM_BODY_PERSONAL_INFORMATION_ABB,http://tizen.org/privilege/contact.read&http://tizen.org/privilege/contact.write
mobile,wrt,public,1,9.9,yes,http://tizen.org/privilege/contact.read,IDS_TPLATFORM_BODY_READING_CONTACTS,IDS_TPLATFORM_BODY_THIS_APPLICATION_CAN_READ_YOUR_PROFILE_CONTACTS_AND_CONTACT_HISTORY_CONTACT_HISTORY_CAN_INCLUDE_SOCIAL_NETWORK_ACTIVITY,IDS_TPLATFORM_BODY_PERSONAL_INFORMATION_ABB,
mobile,wrt,public,1,9.9,yes,http://tizen.org/privilege/contact.write,IDS_TPLATFORM_BODY_MANAGING_CONTACTS,IDS_TPLATFORM_BODY_THIS_APPLICATION_CAN_CREATE_UPDATE_AND_DELETE_YOUR_PROFILE_CONTACTS_AND_ANY_CONTACT_HISTORY_MSG,IDS_TPLATFORM_BODY_PERSONAL_INFORMATION_ABB,
common,wrt,public,2,9.9,yes,http://tizen.org/privilege/content.read,IDS_TPLATFORM_BODY_READING_CONTENT,IDS_TPLATFORM_BODY_THIS_APPLICATION_CAN_READ_MEDIA_CONTENT_INFORMATION,IDS_TPLATFORM_BODY_PERSONAL_INFORMATION_ABB,
common,wrt,public,2,9.9,yes,http://tizen.org/privilege/content.write,IDS_TPLATFORM_BODY_MANAGING_CONTENT,IDS_TPLATFORM_BODY_THIS_APPLICATION_CAN_CHANGE_MEDIA_INFORMATION_THIS_INFORMATION_CAN_BE_USED_BY_OTHER_APPLICATIONS,IDS_TPLATFORM_BODY_PERSONAL_INFORMATION_ABB,
mobile,wrt,public,2.1,9.9,yes,http://tizen.org/privilege/datacontrol.consumer,IDS_TPLATFORM_BODY_ACCESSING_EXPORTED_DATA,IDS_TPLATFORM_BODY_THIS_APPLICATION_CAN_READ_DATA_EXPORTED_BY_DATA_CONTROL_PROVIDERS,IDS_TPLATFORM_BODY_SYSTEM_SETTINGS_ABB,
mobile,wrt,public,2.1,9.9,yes,http://tizen.org/privilege/datasync,IDS_TPLATFORM_BODY_SYNCING_DEVICE_DATA,IDS_TPLATFORM_BODY_THIS_APPLICATION_CAN_SYNCHRONISE_DEVICE_DATA_SUCH_AS_CONTACTS_AND_CALENDAR_EVENTS_USING_THE_OMA_DS_12_PROTOCOL,IDS_TPLATFORM_BODY_SYSTEM_SETTINGS_ABB,
common,wrt,public,2,9.9,yes,http://tizen.org/privilege/download,IDS_TPLATFORM_BODY_DOWNLOADING_VIA_HTTP,IDS_TPLATFORM_BODY_THIS_APPLICATION_CAN_MANAGE_HTTP_DOWNLOADS_THIS_MAY_RESULT_IN_ADDITIONAL_CHARGES_DEPENDING_ON_YOUR_PAYMENT_PLAN,IDS_TPLATFORM_BODY_NETWORK_CONNECTIONS_ABB,
common,wrt,public,1,1,yes,http://tizen.org/privilege/filesystem,,,IDS_TPLATFORM_BODY_SYSTEM_SETTINGS_ABB,http://tizen.org/privilege/filesystem.read&http://tizen.org/privilege/filesystem.write
common,wrt,public,1,9.9,yes,http://tizen.org/privilege/filesystem.read,IDS_TPLATFORM_BODY_READING_FILE_SYSTEMS,IDS_TPLATFORM_BODY_THIS_APPLICATION_CAN_READ_FILE_SYSTEMS,IDS_TPLATFORM_BODY_SYSTEM_SETTINGS_ABB,
common,wrt,public,1,9.9,yes,http://tizen.org/privilege/filesystem.write,IDS_TPLATFORM_BODY_WRITING_TO_FILE_SYSTEMS,IDS_TPLATFORM_BODY_THIS_APPLICATION_CAN_WRITE_TO_FILE_SYSTEMS,IDS_TPLATFORM_BODY_SYSTEM_SETTINGS_ABB,
mobile,wrt,public,2.1,9.9,yes,http://tizen.org/privilege/fullscreen,IDS_TPLATFORM_HEADER_USING_FULL_SCREEN_VIEW,IDS_TPLATFORM_BODY_THIS_APPLICATION_CAN_USE_FULL_SCREEN_VIEW,IDS_TPLATFORM_BODY_SYSTEM_SETTINGS_ABB,
common,wrt,public,1,1,yes,http://tizen.org/privilege/geocoder,,,IDS_TPLATFORM_OPT_LOCATION_T_LBS,http://tizen.org/privilege/location
common,wrt,public,2.3,9.9,yes,http://tizen.org/privilege/healthinfo,IDS_TPLATFORM_HEADER_READING_HEALTH_INFORMATION,IDS_TPLATFORM_BODY_THIS_APPLICATION_CAN_READ_HEALTH_INFORMATION_GATHERED_BY_THE_DEVICE_SENSORS_SUCH_AS_THE_PEDOMETER_AND_THE_HEART_RATE_MONITOR,IDS_TPLATFORM_BODY_PERSONAL_INFORMATION_ABB,
common,wrt,public,2.3,9.9,yes,http://tizen.org/privilege/internet,IDS_TPLATFORM_BODY_ACCESSING_INTERNET,IDS_TPLATFORM_BODY_THIS_APPLICATION_CAN_ACCESS_THE_INTERNET_THIS_MAY_RESULT_IN_ADDITIONAL_CHARGES_DEPENDING_ON_YOUR_PAYMENT_PLAN,IDS_TPLATFORM_BODY_NETWORK_CONNECTIONS_ABB,
common,wrt,public,1,1,yes,http://tizen.org/privilege/lbs,,,IDS_TPLATFORM_OPT_LOCATION_T_LBS,http://tizen.org/privilege/location
common,wrt,public,2.1,9.9,yes,http://tizen.org/privilege/location,IDS_TPLATFORM_BODY_USING_USER_LOCATION,IDS_TPLATFORM_BODY_THIS_APPLICATION_CAN_USE_YOUR_LOCATION_DATA,IDS_TPLATFORM_OPT_LOCATION_T_LBS,
common,wrt,public,1,2.3,no,http://tizen.org/privilege/log,,,IDS_TPLATFORM_BODY_SYSTEM_SETTINGS_ABB,
common,wrt,public,1,1,yes,http://tizen.org/privilege/map,,,IDS_TPLATFORM_OPT_LOCATION_T_LBS,http://tizen.org/privilege/location
common,wrt,public,2.1,9.9,yes,http://tizen.org/privilege/mediacapture,IDS_TPLATFORM_HEADER_CAPTURING_MEDIA_DATA,IDS_TPLATFORM_BODY_THIS_APPLICATION_CAN_CAPTURE_VIDEO_AND_AUDIO_DATA,IDS_TPLATFORM_BODY_SYSTEM_SETTINGS_ABB,
common,wrt,public,1,1,yes,http://tizen.org/privilege/mediacontent,,,IDS_TPLATFORM_BODY_PERSONAL_INFORMATION_ABB,http://tizen.org/privilege/content.read&http://tizen.org/privilege/content.write
common,wrt,public,1,1,yes,http://tizen.org/privilege/mediacontent.read,,,IDS_TPLATFORM_BODY_PERSONAL_INFORMATION_ABB,http://tizen.org/privilege/content.read
common,wrt,public,1,2.3,no,http://tizen.org/privilege/messageport,,,IDS_TPLATFORM_BODY_PAID_SERVICES_ABB,
common,wrt,public,1,1,yes,http://tizen.org/privilege/messaging,,,IDS_TPLATFORM_BODY_PAID_SERVICES_ABB,http://tizen.org/privilege/messaging.read&http://tizen.org/privilege/messaging.write
common,wrt,public,1,2.3,no,http://tizen.org/privilege/messaging.email,,,IDS_TPLATFORM_BODY_PAID_SERVICES_ABB,http://tizen.org/privilege/messaging.read&http://tizen.org/privilege/messaging.write
common,wrt,public,1,2.3,no,http://tizen.org/privilege/messaging.mms,,,IDS_TPLATFORM_BODY_PAID_SERVICES_ABB,http://tizen.org/privilege/messaging.read&http://tizen.org/privilege/messaging.write
mobile,wrt,public,1,9.9,yes,http://tizen.org/privilege/messaging.read,IDS_TPLATFORM_BODY_ACCESSING_MESSAGES,IDS_TPLATFORM_BODY_THIS_APPLICATION_CAN_RETRIEVE_MESSAGES_FROM_MESSAGE_BOXES_OR_RECEIVE_MESSAGES,IDS_TPLATFORM_BODY_PAID_SERVICES_ABB,
mobile,wrt,public,1,2,yes,http://tizen.org/privilege/messaging.send,IDS_TPLATFORM_BODY_WRITING_MESSAGES,IDS_TPLATFORM_BODY_THIS_APPLICATION_CAN_WRITE_TEXT_MESSAGES_MULTIMEDIA_MESSAGES_AND_EMAILS,IDS_TPLATFORM_BODY_PAID_SERVICES_ABB,http://tizen.org/privilege/messaging.write
common,wrt,public,1,2.3,no,http://tizen.org/privilege/messaging.sms,,,IDS_TPLATFORM_BODY_PAID_SERVICES_ABB,http://tizen.org/privilege/messaging.read&http://tizen.org/privilege/messaging.write
mobile,wrt,public,1,9.9,yes,http://tizen.org/privilege/messaging.write,IDS_TPLATFORM_BODY_WRITING_MESSAGES,IDS_TPLATFORM_BODY_THIS_APPLICATION_CAN_WRITE_TEXT_MESSAGES_MULTIMEDIA_MESSAGES_AND_EMAILS,IDS_TPLATFORM_BODY_PAID_SERVICES_ABB,
mobile,wrt,partner,2.1,9.9,yes,http://tizen.org/privilege/networkbearerselection,IDS_TPLATFORM_BODY_SELECTING_NETWORK_CONNECTION,IDS_TPLATFORM_BODY_THIS_APPLICATION_CAN_RESTRICT_THE_DEVICE_SO_SOME_SPECIFIC_DOMAINS_CAN_ONLY_BE_ACCESSED_VIA_MOBILE_NETWORKS,IDS_TPLATFORM_BODY_SYSTEM_SETTINGS_ABB,
common,wrt,public,1,1,yes,http://tizen.org/privilege/nfc,,,IDS_TPLATFORM_BODY_HARDWARE_CONTROLS_ABB,http://tizen.org/privilege/nfc.admin&http://tizen.org/privilege/nfc.cardemulation&http://tizen.org/privilege/nfc.common&http://tizen.org/privilege/nfc.p2p&http://tizen.org/privilege/nfc.tag
mobile,wrt,public,2,9.9,yes,http://tizen.org/privilege/nfc.admin,IDS_TPLATFORM_BODY_MANAGING_NFC_GENERAL_SETTINGS,IDS_TPLATFORM_SBODY_THIS_APPLICATION_CAN_CHANGE_NFC_SETTINGS_SUCH_AS_TURNING_NFC_ON_OR_OFF,IDS_TPLATFORM_BODY_HARDWARE_CONTROLS_ABB,
mobile,wrt,public,2.3,9.9,yes,http://tizen.org/privilege/nfc.cardemulation,IDS_TPLATFORM_HEADER_USING_NFC_CARD_EMULATION_MODE,IDS_TPLATFORM_BODY_THIS_APPLICATION_CAN_ACCESS_SMART_CARD_DETAILS_SUCH_AS_CREDIT_CARD_DETAILS_AND_ALLOW_USERS_TO_MAKE_PAYMENTS_VIA_NFC,IDS_TPLATFORM_BODY_HARDWARE_CONTROLS_ABB,
mobile,wrt,public,2,9.9,yes,http://tizen.org/privilege/nfc.common,IDS_TPLATFORM_BODY_USING_NFC_COMMON_FEATURES,IDS_TPLATFORM_SBODY_THIS_APPLICATION_CAN_USE_NFC_COMMON_FEATURES,IDS_TPLATFORM_BODY_HARDWARE_CONTROLS_ABB,
mobile,wrt,public,1,9.9,yes,http://tizen.org/privilege/nfc.p2p,IDS_TPLATFORM_BODY_PUSHING_NFC_MESSAGES,IDS_TPLATFORM_SBODY_THIS_APPLICATION_CAN_PUSH_NFC_MESSAGES_TO_OTHER_DEVICES,IDS_TPLATFORM_BODY_HARDWARE_CONTROLS_ABB,
mobile,wrt,public,1,9.9,yes,http://tizen.org/privilege/nfc.tag,IDS_TPLATFORM_BODY_READING_WRITING_TO_NFC_TAGS,IDS_TPLATFORM_SBODY_THIS_APPLICATION_CAN_READ_AND_WRITE_NFC_TAG_INFORMATION,IDS_TPLATFORM_BODY_HARDWARE_CONTROLS_ABB,
common,wrt,public,2.1,9.9,yes,http://tizen.org/privilege/notification,IDS_TPLATFORM_BODY_PROVIDING_NOTIFICATIONS,IDS_TPLATFORM_BODY_THIS_APPLICATION_CAN_SHOW_AND_HIDE_ITS_OWN_NOTIFICATIONS_AND_BADGES,IDS_TPLATFORM_BODY_SYSTEM_SETTINGS_ABB,
mobile,wrt,public,2,2,yes,http://tizen.org/privilege/notification.read,IDS_TPLATFORM_HEADER_RETRIEVING_NOTIFICATION_INFORMATION,IDS_TPLATFORM_BODY_THIS_APPLICATION_CAN_READ_INFORMATION_ABOUT_NOTIFICATIONS,IDS_TPLATFORM_BODY_SYSTEM_SETTINGS_ABB,http://tizen.org/privilege/notification
mobile,wrt,public,2,2,yes,http://tizen.org/privilege/notification.write,IDS_TPLATFORM_HEADER_MANAGING_NOTIFICATIONS,IDS_TPLATFORM_BODY_THIS_APPLICATION_CAN_DISPLAY_EDIT_AND_DELETE_NOTIFICATIONS,IDS_TPLATFORM_BODY_SYSTEM_SETTINGS_ABB,http://tizen.org/privilege/notification
common,wrt,public,1,2.3,no,http://tizen.org/privilege/notificationmanager,,,IDS_TPLATFORM_BODY_SYSTEM_SETTINGS_ABB,http://tizen.org/privilege/notification
common,wrt,public,2.1,9.9,yes,http://tizen.org/privilege/package.info,IDS_TPLATFORM_BODY_RECEIVING_PACKAGE_INFORMATION,IDS_TPLATFORM_SBODY_THIS_APPLICATION_CAN_RECEIVE_PACKAGE_INFORMATION,IDS_TPLATFORM_BODY_SYSTEM_SETTINGS_ABB,
common,wrt,public,1,2.3,no,http://tizen.org/privilege/packageinfo,,,IDS_TPLATFORM_BODY_SYSTEM_SETTINGS_ABB,http://tizen.org/privilege/package.info
common,wrt,public,1,2.3,no,http://tizen.org/privilege/packagelicensemanager,,,IDS_TPLATFORM_BODY_SYSTEM_SETTINGS_ABB,
common,wrt,platform,2.1,9.9,yes,http://tizen.org/privilege/packagemanager.install,IDS_TPLATFORM_BODY_MANAGING_PACKAGES,IDS_TPLATFORM_SBODY_THIS_APPLICATION_CAN_INSTALL_OR_UNINSTALL_APPLICATION_PACKAGES,IDS_TPLATFORM_BODY_SYSTEM_SETTINGS_ABB,
common,wrt,public,1,2.3,no,http://tizen.org/privilege/packagemanager.setting,,,IDS_TPLATFORM_BODY_SYSTEM_SETTINGS_ABB,http://tizen.org/privilege/setting
common,wrt,public,1,2.3,no,http://tizen.org/privilege/packagesetting,,,IDS_TPLATFORM_BODY_SYSTEM_SETTINGS_ABB,http://tizen.org/privilege/setting
common,wrt,public,1,2.3,no,http://tizen.org/privilege/platforminfo,,,IDS_TPLATFORM_BODY_SYSTEM_SETTINGS_ABB,http://tizen.org/privilege/system
common,wrt,public,1,1,yes,http://tizen.org/privilege/poi,,,IDS_TPLATFORM_BODY_SYSTEM_SETTINGS_ABB,
common,wrt,public,1,1,yes,http://tizen.org/privilege/poi.read,,,IDS_TPLATFORM_BODY_SYSTEM_SETTINGS_ABB,
common,wrt,public,1,1,yes,http://tizen.org/privilege/poi.write,,,IDS_TPLATFORM_BODY_SYSTEM_SETTINGS_ABB,
common,wrt,public,2,9.9,yes,http://tizen.org/privilege/power,IDS_TPLATFORM_BODY_MANAGING_POWER,IDS_TPLATFORM_SBODY_THIS_APPLICATION_CAN_CONTROL_POWER_RELATED_SETTINGS_SUCH_AS_DIMMING_THE_SCREEN,IDS_TPLATFORM_BODY_HARDWARE_CONTROLS_ABB,
mobile,wrt,public,2.1,9.9,yes,http://tizen.org/privilege/push,IDS_TPLATFORM_BODY_RECEIVING_PUSH_NOTIFICATIONS,IDS_TPLATFORM_BODY_THIS_APPLICATION_CAN_RECEIVE_NOTIFICATIONS_VIA_THE_INTERNET,IDS_TPLATFORM_BODY_NETWORK_CONNECTIONS_ABB,
common,wrt,public,1,1,yes,http://tizen.org/privilege/route,,,IDS_TPLATFORM_BODY_SYSTEM_SETTINGS_ABB,
mobile,wrt,public,1,2.3,no,http://tizen.org/privilege/se,IDS_TPLATFORM_BODY_ACCESSING_SECURE_ELEMENTS,IDS_TPLATFORM_SBODY_THIS_APPLICATION_CAN_ACCESS_SECURE_SMART_CARD_CHIPS_SUCH_AS_UICC_SIM_EMBEDDED_SECURE_ELEMENTS_AND_SECURE_SD_CARDS,IDS_TPLATFORM_BODY_SYSTEM_SETTINGS_ABB,http://tizen.org/privilege/secureelement
mobile,wrt,public,2.1,9.9,yes,http://tizen.org/privilege/secureelement,IDS_TPLATFORM_BODY_ACCESSING_SECURE_ELEMENTS,IDS_TPLATFORM_SBODY_THIS_APPLICATION_CAN_ACCESS_SECURE_SMART_CARD_CHIPS_SUCH_AS_UICC_SIM_EMBEDDED_SECURE_ELEMENTS_AND_SECURE_SD_CARDS,IDS_TPLATFORM_BODY_HARDWARE_CONTROLS_ABB,
common,wrt,public,1,2.3,no,http://tizen.org/privilege/securestorage.read,,,IDS_TPLATFORM_BODY_HARDWARE_CONTROLS_ABB,
common,wrt,public,1,2.3,no,http://tizen.org/privilege/securestorage.write,,,IDS_TPLATFORM_BODY_HARDWARE_CONTROLS_ABB,
common,wrt,public,2,9.9,yes,http://tizen.org/privilege/setting,IDS_TPLATFORM_BODY_ACCESSING_USER_SETTINGS,IDS_TPLATFORM_SBODY_THIS_APPLICATION_CAN_CHANGE_AND_READ_USER_SETTINGS,IDS_TPLATFORM_BODY_SYSTEM_SETTINGS_ABB,
common,wrt,public,1,2.3,no,http://tizen.org/privilege/setting.read,,,IDS_TPLATFORM_BODY_SYSTEM_SETTINGS_ABB,http://tizen.org/privilege/setting
common,wrt,public,1,2.3,no,http://tizen.org/privilege/setting.write,,,IDS_TPLATFORM_BODY_SYSTEM_SETTINGS_ABB,http://tizen.org/privilege/setting
common,wrt,public,1,2.3,no,http://tizen.org/privilege/settingmanager.read,,,IDS_TPLATFORM_BODY_SYSTEM_SETTINGS_ABB,http://tizen.org/privilege/setting
common,wrt,public,1,2.3,no,http://tizen.org/privilege/settingmanager.write,,,IDS_TPLATFORM_BODY_SYSTEM_SETTINGS_ABB,http://tizen.org/privilege/setting
common,wrt,public,2.1,9.9,yes,http://tizen.org/privilege/system,IDS_TPLATFORM_BODY_READING_SYSTEM_INFORMATION,IDS_TPLATFORM_BODY_THIS_APPLICATION_CAN_READ_SYSTEM_INFORMATION,IDS_TPLATFORM_BODY_SYSTEM_SETTINGS_ABB,
mobile,wrt,public,1,2,yes,http://tizen.org/privilege/systeminfo,IDS_TPLATFORM_BODY_READING_SYSTEM_INFORMATION,IDS_TPLATFORM_BODY_THIS_APPLICATION_CAN_READ_SYSTEM_INFORMATION,IDS_TPLATFORM_BODY_SYSTEM_SETTINGS_ABB,http://tizen.org/privilege/system&http://tizen.org/privilege/systemmanager
common,wrt,partner,2.1,9.9,yes,http://tizen.org/privilege/systemmanager,IDS_TPLATFORM_BODY_READING_SECURE_SYSTEM_INFORMATION,IDS_TPLATFORM_BODY_THIS_APPLICATION_CAN_READ_SECURE_SYSTEM_INFORMATION,IDS_TPLATFORM_BODY_SYSTEM_SETTINGS_ABB,http://tizen.org/privilege/telephony
mobile,wrt,public,1,2.3,no,http://tizen.org/privilege/systemmanager.info,IDS_TPLATFORM_BODY_READING_SECURE_SYSTEM_INFORMATION,IDS_TPLATFORM_BODY_THIS_APPLICATION_CAN_READ_SECURE_SYSTEM_INFORMATION,IDS_TPLATFORM_BODY_SYSTEM_SETTINGS_ABB,http://tizen.org/privilege/system&http://tizen.org/privilege/systemmanager
common,wrt,public,1,2.3,no,http://tizen.org/privilege/systemsetting.read,,,IDS_TPLATFORM_BODY_SYSTEM_SETTINGS_ABB,http://tizen.org/privilege/setting
common,wrt,public,1,2.3,no,http://tizen.org/privilege/systemsetting.write,,,IDS_TPLATFORM_BODY_SYSTEM_SETTINGS_ABB,http://tizen.org/privilege/setting
common,wrt,public,1,1,yes,http://tizen.org/privilege/time,,,IDS_TPLATFORM_BODY_SYSTEM_SETTINGS_ABB,
common,wrt,public,1,1,yes,http://tizen.org/privilege/time.read,,,IDS_TPLATFORM_BODY_SYSTEM_SETTINGS_ABB,
common,wrt,public,1,1,yes,http://tizen.org/privilege/time.write,,,IDS_TPLATFORM_BODY_SYSTEM_SETTINGS_ABB,
common,wrt,public,1,2,yes,http://tizen.org/privilege/tizen,,,IDS_TPLATFORM_BODY_SYSTEM_SETTINGS_ABB,http://tizen.org/privilege/system&http://tizen.org/privilege/systemmanager
common,wrt,public,2.1,9.9,yes,http://tizen.org/privilege/unlimitedstorage,IDS_TPLATFORM_BODY_ACCESSING_UNLIMITED_STORAGE,IDS_TPLATFORM_BODY_THIS_APPLICATION_CAN_SAVE_ITS_CONTENT_TO_YOUR_DEVICE_STORAGE_OR_EXTERNAL_STORAGE_LOCATIONS_SUCH_AS_SD_CARDS_WITH_NO_LIMIT_ON_THE_CONTENTS_SIZE,IDS_TPLATFORM_BODY_SYSTEM_SETTINGS_ABB,
common,wrt,public,1,2.3,no,http://tizen.org/privilege/useridentity,,,IDS_TPLATFORM_BODY_SYSTEM_SETTINGS_ABB,http://tizen.org/privilege/systemmanager
common,wrt,public,2.3,9.9,yes,http://tizen.org/privilege/volume.set,IDS_TPLATFORM_HEADER_ADJUSTING_VOLUME,IDS_TPLATFORM_BODY_THIS_APPLICATION_CAN_ADJUST_THE_VOLUME_FOR_DIFFERENT_FEATURES_SUCH_AS_NOTIFICATION_ALERTS_RINGTONES_AND_MEDIA,IDS_TPLATFORM_BODY_SYSTEM_SETTINGS_ABB,
mobile,wrt,public,2.2,9.9,yes,http://tizen.org/privilege/websetting,IDS_TPLATFORM_BODY_MANAGING_WEB_APPLICATION_SETTINGS_M_NOUN,IDS_TPLATFORM_BODY_THIS_APPLICATION_CAN_CHANGE_ITS_WEB_APPLICATION_SETTINGS_INCLUDING_DELETING_ITS_COOKIES,IDS_TPLATFORM_BODY_SYSTEM_SETTINGS_ABB,
